feed_timestamp,entity_id,vehicle_id,route_id,trip_id,stop_id,stop_name,dist_to_stop_m,current_stop_sequence,current_status,congestion_level,vehicle_timestamp,lat,lon,speed_mps,bearing,odometer
1768342729,0,3490101367,4,2199420:566261:568900,S00272,Barrie Street (south side of Princess),16.398460153550342,20,0,1,1768342721,44.23297882080078,-76.49168395996094,7.21999979019165,105.0999984741211,4240700.0
1768342729,1,3490101951,12,2182393:567758:568524,S00126,Highway 2 at Royal Military College (south side),1117.4139459802536,19,2,1,1768342727,44.23338317871094,-76.47869873046875,10.0,10.600000381469727,298388.0
1768342729,2,3490101369,14,2181773:564211:568941,S02083,Cataraqui Centre Transfer Point Platform 6,7.059083404219986,1,1,1,1768342722,44.254940032958984,-76.5728988647461,0.0,,130949.0
1768342729,3,3490102106,19A,2181884:563973:568958,S09109,,,8,1,1,1768342720,44.26723098754883,-76.58900451660156,0.0,,867836.0
1768342729,4,3490101254,7,2181863:568106:568502,S02021,Division Street (south side of Elliott),21.87662187340112,16,1,1,1768342722,44.256404876708984,-76.49744415283203,0.0,,1079815.0
1768342729,5,3490102402,602,2182378:566256:568495,S00426,Kingston General Hospital (south side of Stuart),14.260074847222226,1,1,1,1768342724,44.22434616088867,-76.4946060180664,0.0,,57614.0
1768342729,6,3490102401,,,,,,,2,,1768342724,44.26150131225586,-76.5071029663086,0.0,,0.0
1768342729,7,3490102107,,,,,,,2,,1768342679,44.261390686035156,-76.50652313232422,0.0,,268097.0
1768342729,8,3490101688,7,2181857:564384:568424,S00216,Derby Gate Crescent (north side of Elliott),13.508892198481236,17,1,1,1768342729,44.25625228881836,-76.49864196777344,0.0,,2204618.0
1768342729,9,3490100014,,,,,,,2,,1768340938,44.26132583618164,-76.50658416748047,0.0,,0.0
1768342729,10,3490101687,10,2181662:568003:568355,S00805,,,29,1,1,1768342726,44.219608306884766,-76.64520263671875,0.0,,4889413.0
1768342729,11,3490100016,,,,,,,2,,1768341303,44.26152038574219,-76.5071029663086,0.0,,0.0
1768342729,12,3490100056,,,,,,,2,,1768342041,44.26652526855469,-76.5846176147461,9.670000076293945,90.0,0.0
1768342729,13,3490101046,501,2199377:566555:568929,S09057,Princess Street (south side) east of Bayridge,355.9487008095463,15,2,1,1768342722,44.257041931152344,-76.58452606201172,13.890000343322754,33.20000076293945,0.0
1768342729,14,3490101257,31,2181060:566520:568328,S02052,Westdale Avenue (south side of Bath),94.90112783745103,14,2,1,1768342726,44.240718841552734,-76.5147705078125,8.050000190734863,82.19999694824219,607707.0
1768342729,15,3490100078,,,,,,,2,,1768341440,44.25556945800781,-76.54017639160156,13.369999885559082,133.10000610351562,0.0
1768342729,16,3490100005,,,,,,,2,,1768342305,44.25814437866211,-76.57390594482422,0.0,,0.0
1768342729,17,3490101359,,,,,,,2,,1768342722,44.253910064697266,-76.49674224853516,11.380000114440918,354.1000061035156,218573.0
1768342729,18,3490101901,801,2182174:566734:568994,Smspr1,Montreal Street Park and Ride,2.2481668705351567,1,1,1,1768342716,44.278968811035156,-76.47254180908203,0.0,,0.0
1768342729,19,3490101360,2,2181318:564953:568381,S00444,Queen's West Campus (north side of Union),5.507318251687031,43,1,1,1768342728,44.22330093383789,-76.51396942138672,0.7699999809265137,,0.0
1768342729,20,3490101258,701,2182034:564199:568895,S00734,Tanner Drive (north side of Bath),426.09104965927236,14,2,1,1768342724,44.23722457885742,-76.55450439453125,15.829999923706055,265.3999938964844,417538.0
1768342729,21,3490101256,16,2192640:567862:568970,S00238,Theresa Crescent (south side of Kirkpatrick),152.97540303811286,29,2,1,1768342707,44.25338363647461,-76.49980926513672,9.720000267028809,88.30000305175781,1522511.0
1768342729,22,3490101923,4,2199573:564002:568242,S00292,Barrie Street (north side of Brock),5.995154894913381,2,1,1,1768342722,44.232051849365234,-76.49150085449219,0.0,,183997.0
1768342729,23,3490101826,501,2199378:566889:568336,S09032,Conservatory Drive (east side of Bayridge),831.6455918015614,11,2,1,1768342714,44.22772979736328,-76.58512878417969,7.5,265.3999938964844,407865.0
1768342729,24,3490101812,602,2182354:564370:568390,S09225,Barrett Court (east side of Highway 15),429.5344881431113,6,2,1,1768342729,44.2467155456543,-76.46189880371094,15.270000457763672,18.100000381469727,239642.0
1768342729,25,3490101840,601,2182334:564112:568504,S02010,Barriefield (west side of Highway 15),473.68753706765335,10,2,1,1768342730,44.24483871459961,-76.46245574951172,15.0,174.1999969482422,373912.0
1768342729,26,3490101827,22,2192699:563521:568948,S00212,Briceland Street (east side of Montreal),1606.0081805151044,9,2,1,1768342723,44.259098052978516,-76.4615249633789,10.270000457763672,262.5,2292090.0
1768342729,27,3490101821,12,2182322:563883:568442,S02070,St. Lawrence College Transfer Point,31.55335382399324,1,1,1,1768342717,44.22355270385742,-76.5261001586914,0.0,,1618132.0
1768342729,28,3490101803,502,2199493:567891:568951,S09031,Hudson Drive (west side of Bayridge),10.751241915308064,5,1,1,1768342728,44.24420166015625,-76.59051513671875,2.5,,2379199.0
1768342729,29,3490101807,11,2181507:564543:568931,S00528,1600 Bath Road (north side),353.80062979713693,24,2,1,1768342720,44.237335205078125,-76.55943298339844,5.269999980926514,180.10000610351562,3912269.0
1768342729,30,3490101811,,,,,,,2,,1768342684,44.2617301940918,-76.50686645507812,0.0,,5356098.0
1768342729,31,3490101838,13,2181744:566874:568902,S00041,Futures Gate (south side of Princess),72.0012197533167,11,2,1,1768342708,44.25810623168945,-76.55458068847656,2.7699999809265137,91.0,1213363.0
1768342729,32,3490101686,701,2182036:566613:568898,S00353,Alfred Street (north side of Brock),6.96097020540567,3,1,1,1768342723,44.23293685913086,-76.49771118164062,0.0,,790092.0
1768342729,33,3490102103,1,2181397:567441:568490,S02039,Downtown Transfer Point Platform 4,9.707819162680241,34,1,1,1768342727,44.231292724609375,-76.48441314697266,0.0,,3940639.0
1768342729,34,3490102102,,,,,,,2,,1768342676,44.261531829833984,-76.50737762451172,0.0,,8187962.0
1768342729,35,3490101818,702,2204800:568842:568894,S02040,Downtown Transfer Point Platform 6,212.3941132550714,20,2,1,1768342719,44.23035430908203,-76.48666381835938,10.829999923706055,102.5,1621596.0
1768342729,36,3490102105,2,2181348:564973:568419,S00234,Kingston Police (east side of Division),193.81714546776473,35,2,1,1768342714,44.248443603515625,-76.49588775634766,10.829999923706055,354.79998779296875,1691874.0
1768342729,37,3490101817,502,2199535:564663:568260,S00400,Andersen Drive (north side of Princess),723.0114609844748,8,2,1,1768342714,44.256378173828125,-76.54102325439453,0.0,,3272781.0
1768342729,38,3490102104,1,2181388:565367:568432,S09100,Ellis Hall (west side of University),181.88434437660808,12,2,1,1768342727,44.227874755859375,-76.49578857421875,0.0,,648577.0
1768342729,39,3490100012,,,,,,,2,,1768341115,44.250816345214844,-76.56455993652344,13.369999885559082,82.9000015258789,0.0
1768342729,40,3490101365,502,2199835:565988:568896,S09041,1055 Princess Street/Kingston Centre (north side),480.82812318456945,5,2,1,1768342720,44.24144744873047,-76.5118408203125,8.329999923706055,301.8999938964844,1341121.0
1768342729,41,3490100019,,,,,,,2,,1768341340,44.231075286865234,-76.48495483398438,0.0,,0.0
1768342729,42,3490100007,,,,,,,2,,1768342684,44.244964599609375,-76.4953842163086,13.779999732971191,354.29998779296875,0.0
1768342729,43,3490101482,6,2181459:563624:568572,S00614,660 Progress Avenue (north side),538.5093300723879,15,2,1,1768342728,44.24197769165039,-76.56767272949219,11.65999984741211,357.3999938964844,109961.0
1768342729,44,3490100011,,,,,,,2,,1768342340,44.22188949584961,-76.51815795898438,15.430000305175781,53.29999923706055,0.0
1768342729,45,3490101478,601,2182382:565622:568551,S02080,Innovation Drive at Highway 15 (north side),11.757280089159973,1,1,1,1768342727,44.27225875854492,-76.44621276855469,0.0,,153189.0
1768342729,46,3490101839,32,2181086:564921:568447,S02068,Mowat Avenue (south side of King),156.6866530485033,3,2,1,1768342725,44.22056198120117,-76.52267456054688,7.5,85.5999984741211,10612928.0
1768342729,47,3490101816,2,2181349:564030:568414,S09181,,,8,1,1,1768342704,44.230228424072266,-76.52619171142578,0.8299999833106995,,248615.0
1768342729,48,3490100033,,,,,,,2,,1768341067,44.22116470336914,-76.51957702636719,0.0,,0.0
1768342729,49,3490101361,502,2199492:567056:568520,S09039,Portsmouth Avenue (south side of King),596.8694012634753,12,2,1,1768342722,44.220062255859375,-76.5326919555664,11.380000114440918,86.0,498891.0
1768342729,50,3490101480,701,2199609:563752:568992,S02028,Guy Street (west side of Division),719.7680123496464,6,2,1,1768342728,44.24993896484375,-76.4962158203125,9.15999984741211,173.10000610351562,126179.0
1768342729,51,3490101805,6,2181480:566845:568960,S00741,2698 Princess Street (north side),228.2890997009993,3,2,1,1768342706,44.25783157348633,-76.5739974975586,10.270000457763672,357.3999938964844,1482104.0
1768342729,52,3490101813,702,2182082:568852:568892,S00327,Park Street (west side of Palace),9.371065297875878,14,1,1,1768342723,44.23841857910156,-76.51429748535156,0.0,,97518.0
1768342729,53,3490101502,702,2182227:563735:568923,S00231,Russell Street (east side of Division),231.31129809295115,4,2,1,1768342722,44.241634368896484,-76.49495697021484,0.0,,224116.0
1768342729,54,3490101477,701,2182033:564644:568925,S00617,Arlington Park Place (east side of Gardiners),326.16673423697034,18,2,1,1768342729,44.24498748779297,-76.56785583496094,11.9399995803833,357.1000061035156,372346.0
1768342729,55,3490101481,4,2199572:564290:568906,S00400,Andersen Drive (north side of Princess),1.6176126500263472,15,1,1,1768342723,44.258209228515625,-76.54974365234375,0.550000011920929,,598602.0
1768342729,56,3490100041,,,,,,,2,,1768342375,44.23148727416992,-76.4882583618164,0.0,,0.0
1768342729,57,3490101684,15,2181630:563531:568957,S00675,Bridle Path Crescent (north side of Lancaster),160.35163632193758,58,2,1,1768342720,44.25356674194336,-76.59049987792969,6.940000057220459,215.3000030517578,316554.0
1768342729,58,3490101837,501,2199319:567210:568261,S09042,Kingston Centre (south side of Princess),622.3830506050066,7,2,1,1768342723,44.246212005615234,-76.52278137207031,13.880000114440918,123.5999984741211,325959.0
1768342729,59,3490100077,,,,,,,2,,1768341104,44.23104476928711,-76.48522186279297,0.0,,0.0
1768342729,60,3490100050,,,,,,,2,,1768341697,44.235687255859375,-76.48383331298828,12.140000343322754,179.39999389648438,0.0
1768342729,61,3490100058,,,,,,,2,,1768341816,44.2318229675293,-76.48452758789062,0.0,,0.0
1768342729,62,3490101255,,,,,,,2,,1768342709,,,,,
1768342729,63,3490100006,,,,,,,2,,1768341534,44.23136901855469,-76.4842758178711,0.0,,0.0
1768342729,64,3490101922,,,,,,,2,,1768342679,44.25498580932617,-76.57261657714844,0.0,,154347.0
1768342729,65,3490100073,,,,,,,2,,1768340991,44.224822998046875,-76.49131774902344,10.130000114440918,78.5,0.0
1768342729,66,3490101683,501,2199379:564759:568954,S00411,The Isabel/Tett Centres (north side of King),7.915439607478131,3,1,1,1768342729,44.22154235839844,-76.50688171386719,1.1100000143051147,,17321.0
1768342729,67,3490101364,702,2182083:568711:569001,S09208,RioCan Centre (west side of Gardiners),473.47207747197564,3,2,1,1768342723,44.24858474731445,-76.56831359863281,7.21999979019165,176.8000030517578,321013.0
1768342729,68,3490100068,,,,,,,2,,1768342538,44.253360748291016,-76.49673461914062,,,0.0
1768342729,69,3490101366,11,2181444:568763:568933,S09228,Development Drive (west side of Gardiners),299.24740331653265,6,2,1,1768342713,44.24458694458008,-76.56689453125,8.050000190734863,289.29998779296875,2743741.0
1768342729,70,3490101504,16,2192641:565597:568571,S00855,Seniors Centre (east side of Francis),105.0025614052888,4,2,1,1768342720,44.22370910644531,-76.52169799804688,8.050000190734863,357.8999938964844,3366663.0
1768342729,71,3490100036,,,,,,,2,,1768342124,44.25517272949219,-76.58689880371094,0.0,,0.0
1768342729,72,3490100071,,,,,,,2,,1768340942,44.231590270996094,-76.48886108398438,3.0299999713897705,282.3999938964844,0.0
1768342729,73,3490100030,,,,,,,2,,1768341671,44.25513458251953,-76.57244110107422,0.0,,0.0
1768342729,74,3490101479,2,2181319:564126:568518,S02021,Division Street (south side of Elliott),12.76860948618331,19,1,1,1768342701,44.256343841552734,-76.49752044677734,0.0,,940905.0
1768342729,75,3490101831,1,2181385:567551:568422,S09198,,,33,0,1,1768342722,44.26224136352539,-76.48678588867188,8.329999923706055,263.8999938964844,619994.0
1768342729,76,3490100048,,,,,,,2,,1768341597,44.24077606201172,-76.57971954345703,0.0,,0.0
1768342729,77,3490102101,502,2199491:563612:568288,S02037,Downtown Transfer Point Platform 3,126.54499915680896,16,2,1,1768342714,44.229949951171875,-76.48519134521484,0.0,,4464004.0
1768342729,78,3490100060,,,,,,,2,,1768340933,44.25835418701172,-76.56851196289062,5.449999809265137,269.8999938964844,0.0
1768342729,79,3490101510,32,2181070:567769:568283,S00503,Kingston Centre Transfer Point Platform 6,134.5135894341804,31,2,1,1768342722,44.240753173828125,-76.5159683227539,11.109999656677246,263.29998779296875,3490296.0
1768342729,80,3490101362,4,2199421:565047:568910,S00397,Taylor-Kidd Boulevard (south side of Princess),135.87513526872746,7,2,1,1768342717,44.25746154785156,-76.5427474975586,0.0,,2635478.0
1768342729,81,3490100064,,,,,,,2,,1768342099,44.26593780517578,-76.48909759521484,10.180000305175781,266.3999938964844,0.0
1768342729,82,3490101808,,,,,,,2,,1768342722,,,,,
1768342729,83,3490101920,15,2181604:563798:568365,S00035,McEwen Drive (north side of Bath),43.79280704649917,56,2,1,1768342729,44.23762512207031,-76.57378387451172,9.4399995803833,274.0,181934.0
1768342729,84,3490101825,15,2181631:566938:568559,S00610,Gardiners Road (north side of Development),19.0316149720573,27,2,1,1768342725,44.24184036254883,-76.56819152832031,6.940000057220459,258.70001220703125,1368811.0
1768342729,85,3490100039,,,,,,,2,,1768341928,44.23810958862305,-76.48277282714844,0.5600000023841858,,0.0
1768342729,86,3490100055,,,,,,,2,,1768341529,44.229671478271484,-76.52603912353516,0.0,,0.0
1768342729,87,3490100028,,,,,,,2,,1768341362,44.231483459472656,-76.4843978881836,0.0,,0.0
1768342729,88,3490100020,,,,,,,2,,1768340700,44.26173782348633,-76.50640106201172,0.0,,0.0
1768342729,89,3490100069,,,,,,,2,,1768342165,44.240745544433594,-76.5145034790039,3.5399999618530273,84.30000305175781,0.0
1768342729,90,3490100047,,,,,,,2,,1768342298,44.23234176635742,-76.48555755615234,0.0,,0.0
1768342729,91,3490100072,,,,,,,2,,1768341315,44.24812316894531,-76.49602508544922,8.84000015258789,172.89999389648438,0.0
1768342729,92,3490101830,,,,,,,2,,1768342695,44.26125717163086,-76.50675964355469,0.0,,555238.0
1768342729,93,3490101368,15,2181605:566391:568487,S00670,Palmerston Crescent (north side of Mona),197.65820640227452,29,2,1,1768342724,44.257606506347656,-76.6036605834961,8.609999656677246,172.10000610351562,55300.0
1768342729,94,3490100004,,,,,,,2,,1768341842,44.257904052734375,-76.48258209228516,0.0,,0.0
1768342729,95,3490101509,16,2192733:566393:568361,S00472,Van Order Drive (north side of Norman Rogers),201.69498690660936,14,2,1,1768342723,44.23552703857422,-76.5151138305664,13.880000114440918,153.3000030517578,1552219.0
1768342729,96,3490101370,12,2182403:567818:568374,S00107,Albert Street (north side of Union),3.546202976803511,18,1,1,1768342722,44.22726821899414,-76.50007629394531,1.940000057220459,256.20001220703125,224522.0
1768342729,97,3490100038,,,,,,,2,,1768342023,44.254981994628906,-76.57237243652344,0.0,,0.0
1768342729,98,3490100067,,,,,,,2,,1768342103,44.25809860229492,-76.5531005859375,8.789999961853027,90.19999694824219,0.0
1768342729,99,3490100034,,,,,,,2,,1768341686,44.228580474853516,-76.481201171875,0.0,,0.0
1768342729,100,3490100026,,,,,,,2,,1768341388,44.242008209228516,-76.5678482055664,0.0,,0.0
1768342729,101,3490100063,,,,,,,2,,1768341574,44.25617218017578,-76.57424926757812,6.119999885559082,184.5,0.0
1768342729,102,3490100037,,,,,,,2,,1768341589,44.265769958496094,-76.50335693359375,15.119999885559082,267.8999938964844,0.0
1768342729,103,3490101506,14,2181760:563243:568400,S09187,,,21,2,1,1768342726,44.2544059753418,-76.55500793457031,9.720000267028809,76.69999694824219,181814.0
1768342729,104,3490100044,,,,,,,2,,1768341885,44.275184631347656,-76.56546020507812,2.4100000858306885,175.3000030517578,0.0
1768342729,105,3490100027,,,,,,,2,,1768340972,44.25896453857422,-76.52915954589844,13.989999771118164,96.5999984741211,0.0
1768342729,106,3490100049,,,,,,,2,,1768342051,44.223716735839844,-76.51263427734375,1.2300000190734863,,0.0
1768342729,107,3490100040,,,,,,,2,,1768342608,44.228397369384766,-76.57592010498047,9.869999885559082,280.3999938964844,0.0
1768342729,108,3490100029,,,,,,,2,,1768341907,44.234619140625,-76.58529663085938,10.229999542236328,281.3999938964844,0.0
1768342729,109,3490100018,,,,,,,2,,1768341950,44.23291015625,-76.47901153564453,7.349999904632568,192.0,0.0
1768342729,110,3490101050,,,,,,,2,,1768340386,,,,,
1768342729,111,3490100051,,,,,,,2,,1768341936,44.27098083496094,-76.448974609375,14.5,38.29999923706055,0.0
1768342729,112,3490100023,,,,,,,2,,1768342628,44.24054718017578,-76.51771545410156,0.0,,0.0
1768342729,113,3490100070,,,,,,,2,,1768341882,44.2547607421875,-76.58727264404297,7.920000076293945,34.29999923706055,0.0
1768342729,114,3490100009,,,,,,,2,,1768342491,44.231056213378906,-76.48495483398438,0.0,,0.0
1768342729,115,3490100013,,,,,,,2,,1768342614,44.22689437866211,-76.48794555664062,0.0,,0.0
1768342729,116,3490100008,,,,,,,2,,1768342018,44.224544525146484,-76.49353790283203,9.460000038146973,78.5999984741211,0.0
1768342729,117,3490100052,,,,,,,2,,1768341193,44.2549934387207,-76.60659790039062,4.210000038146973,200.10000610351562,0.0
1768342729,118,3490100079,,,,,,,2,,1768342696,44.248802185058594,-76.5683364868164,0.0,,0.0
1768342729,119,3490100059,,,,,,,2,,1768341202,44.2213134765625,-76.51927185058594,1.7400000095367432,234.6999969482422,0.0
1768342729,120,3490100075,,,,,,,2,,1768341606,44.24072265625,-76.5166015625,11.520000457763672,263.5,0.0
1768342729,121,3490102108,,,,,,,2,,1768342706,,,,,
1768342729,122,3490100062,,,,,,,2,,1768341967,44.233341217041016,-76.47882843017578,3.2899999618530273,187.89999389648438,0.0
1768342729,123,3490100022,,,,,,,2,,1768342366,44.26308059692383,-76.44766998291016,11.829999923706055,217.39999389648438,0.0
1768342729,124,3490102502,,,,,,,2,,1768342554,44.26124572753906,-76.50753021240234,0.0,,0.0
1768342729,125,3490100081,,,,,,,2,,1768342268,44.26123809814453,-76.50752258300781,0.0,,0.0
1768342729,126,3490100043,,,,,,,2,,1768342505,44.2270393371582,-76.64672088623047,8.380000114440918,278.0,0.0
1768342729,127,3490102403,,,,,,,2,,1768342689,44.2613525390625,-76.50675964355469,0.0,,0.0
1768342729,128,3490100074,,,,,,,2,,1768341169,44.23074722290039,-76.5225830078125,0.7200000286102295,,0.0
1768342729,129,3490100017,,,,,,,2,,1768341087,44.26133728027344,-76.50679779052734,0.0,,0.0
1768342729,130,3490100042,,,,,,,2,,1768342023,44.23744201660156,-76.56755828857422,0.0,,0.0
1768342729,131,3490100054,,,,,,,2,,1768341055,44.25495529174805,-76.56880950927734,0.0,,0.0
1768342729,132,3490100003,,,,,,,2,,1768341074,44.24042510986328,-76.52008056640625,13.470000267028809,263.6000061035156,0.0
1768342729,133,3490100002,,,,,,,2,,1768342635,44.25498580932617,-76.5726089477539,0.0,,0.0
1768342729,134,3490101363,,,,,,,2,,1768342691,44.261207580566406,-76.50670623779297,0.0,,255.0
1768342760,0,3490101367,4,2199420:566261:568900,S09082,270 Princess Street (south side),161.22222680987173,21,2,1,1768342748,44.232696533203125,-76.48992156982422,7.21999979019165,102.5,4240848.0
1768342760,1,3490101951,12,2182393:567758:568524,S00126,Highway 2 at Royal Military College (south side),849.6320974707454,19,2,1,1768342754,44.23458480834961,-76.47572326660156,12.220000267028809,83.9000015258789,298693.0
1768342760,2,3490101369,14,2181773:564211:568941,S02083,Cataraqui Centre Transfer Point Platform 6,7.059083404219986,1,1,1,1768342753,44.254940032958984,-76.5728988647461,0.0,,130949.0
1768342760,3,3490102106,19A,2181884:563973:568958,S09112,,,9,2,1,1768342748,44.26740646362305,-76.58981323242188,4.440000057220459,300.8999938964844,867899.0
1768342760,4,3490101254,7,2181863:568106:568502,S00746,First Canada Avenue (east side of Division),809.8266828727218,17,2,1,1768342759,44.25640106201172,-76.49734497070312,1.659999966621399,85.69999694824219,1079822.0
1768342760,5,3490102402,602,2182378:566256:568495,S02038,Downtown Transfer Point Platform 5,1029.5583612542778,2,2,1,1768342758,44.22465515136719,-76.49267578125,9.720000267028809,78.5,57780.0
1768342760,6,3490102401,,,,,,,2,,1768342724,44.26150131225586,-76.5071029663086,0.0,,0.0
1768342760,7,3490102107,,,,,,,2,,1768342739,44.26140213012695,-76.50652313232422,0.0,,268097.0
1768342760,8,3490101688,7,2181857:564384:568424,S00051,Rockford Place (north side of Elliott),83.76865217358056,18,2,1,1768342754,44.25619888305664,-76.50035858154297,11.65999984741211,263.20001220703125,2204777.0
1768342760,9,3490100014,,,,,,,2,,1768342738,44.26140213012695,-76.50652313232422,0.0,,0.0
1768342760,10,3490101687,10,2181662:568003:568355,S00779,442 Dalton Avenue (south side),12083.32010780666,30,2,1,1768342755,44.21957778930664,-76.64790344238281,11.380000114440918,297.0,4889638.0
1768342760,11,3490100016,,,,,,,2,,1768341303,44.26152038574219,-76.5071029663086,0.0,,0.0
1768342760,12,3490100056,,,,,,,2,,1768342041,44.26652526855469,-76.5846176147461,9.670000076293945,90.0,0.0
1768342760,13,3490101046,501,2199377:566555:568929,S09057,Princess Street (south side) east of Bayridge,266.73568443179374,15,2,1,1768342730,44.25802230834961,-76.58416748046875,13.520000457763672,9.199999809265137,0.0
1768342760,14,3490101257,31,2181060:566520:568328,S00367,Leroy Grant Drive (south side of Concession),491.56149094763816,15,2,1,1768342758,44.2408447265625,-76.51311492919922,8.050000190734863,82.4000015258789,607833.0
1768342760,15,3490100078,,,,,,,2,,1768341440,44.25556945800781,-76.54017639160156,13.369999885559082,133.10000610351562,0.0
1768342760,16,3490100005,,,,,,,2,,1768342305,44.25814437866211,-76.57390594482422,0.0,,0.0
1768342760,17,3490101359,,,,,,,2,,1768342759,44.256343841552734,-76.49845123291016,4.159999847412109,268.70001220703125,218947.0
1768342760,18,3490101901,801,2182174:566734:568994,Smspr1,Montreal Street Park and Ride,2.2481668705351567,1,1,1,1768342747,44.278968811035156,-76.47254180908203,0.0,,0.0
1768342760,19,3490101360,2,2181318:564953:568381,S00456,Yonge Street (north side of Union),85.55628127300989,44,2,1,1768342755,44.22237014770508,-76.5170669555664,11.670000076293945,250.89999389648438,0.0
1768342760,20,3490101258,701,2182034:564199:568895,S00734,Tanner Drive (north side of Bath),195.51698545337268,14,2,1,1768342740,44.237117767333984,-76.5573959350586,10.550000190734863,268.0,417766.0
1768342760,21,3490101256,16,2192640:567862:568970,S09229,Kirkpatrick Street (east side of Division),86.37491197223325,30,2,1,1768342740,44.253414154052734,-76.49758911132812,12.5,88.0999984741211,1522676.0
1768342760,22,3490101923,4,2199573:564002:568242,S00278,University Avenue (north side of Princess),433.72122029163876,3,2,1,1768342748,44.232078552246094,-76.4918212890625,4.71999979019165,278.1000061035156,184027.0
1768342760,23,3490101826,501,2199378:566889:568336,S09032,Conservatory Drive (east side of Bayridge),508.7584724224164,11,2,1,1768342754,44.22908401489258,-76.5889892578125,16.3799991607666,280.79998779296875,408228.0
1768342760,24,3490101812,602,2182354:564370:568390,S09225,Barrett Court (east side of Highway 15),18.111408187509078,6,0,1,1768342755,44.25032424926758,-76.46073150634766,10.0,8.600000381469727,240053.0
1768342760,25,3490101840,601,2182334:564112:568504,S02010,Barriefield (west side of Highway 15),126.45257219833515,10,2,1,1768342755,44.242366790771484,-76.4595947265625,15.829999923706055,162.5,374290.0
1768342760,26,3490101827,22,2192699:563521:568948,S00212,Briceland Street (east side of Montreal),1097.6547063210635,9,2,1,1768342757,44.2591438293457,-76.46791076660156,15.829999923706055,267.6000061035156,2292596.0
1768342760,27,3490101821,12,2182322:563883:568442,S02070,St. Lawrence College Transfer Point,31.55335382399324,1,1,1,1768342748,44.22355270385742,-76.5261001586914,0.0,,1618132.0
1768342760,28,3490101803,502,2199493:567891:568951,S09033,Acadia Drive (west side of Bayridge),1056.673161114491,6,2,1,1768342758,44.24163818359375,-76.5916748046875,12.220000267028809,225.3000030517578,2379525.0
1768342760,29,3490101807,11,2181507:564543:568931,S00528,1600 Bath Road (north side),268.6619499315709,24,2,1,1768342757,44.237091064453125,-76.56050109863281,10.270000457763672,270.70001220703125,3912374.0
1768342760,30,3490101811,,,,,,,2,,1768342744,44.2617301940918,-76.50687408447266,0.0,,5356098.0
1768342760,31,3490101838,13,2181744:566874:568902,S09322,,,12,2,1,1768342758,44.25811004638672,-76.55223846435547,13.050000190734863,87.4000015258789,1213547.0
1768342760,32,3490101686,701,2182036:566613:568898,S00349,Victoria Street (north side of Brock),166.82342680666466,4,2,1,1768342756,44.23280334472656,-76.50110626220703,11.9399995803833,267.3999938964844,790376.0
1768342760,33,3490102103,1,2181397:567441:568490,S02039,Downtown Transfer Point Platform 4,9.707819162680241,34,1,1,1768342758,44.231292724609375,-76.48441314697266,0.0,,3940639.0
1768342760,34,3490102102,,,,,,,2,,1768342736,44.26152420043945,-76.50737762451172,0.0,,8187962.0
1768342760,35,3490101818,702,2204800:568842:568894,S02040,Downtown Transfer Point Platform 6,148.25655784142975,20,2,1,1768342756,44.23017883300781,-76.48548889160156,2.7699999809265137,102.69999694824219,1621696.0
1768342760,36,3490102105,2,2181348:564973:568419,S00234,Kingston Police (east side of Division),7.305857350459076,35,1,1,1768342755,44.2502326965332,-76.49615478515625,0.27000001072883606,,1692072.0
1768342760,37,3490101817,502,2199535:564663:568260,S00400,Andersen Drive (north side of Princess),724.2970651546887,8,2,1,1768342745,44.25637435913086,-76.54100799560547,0.0,,3272781.0
1768342760,38,3490102104,1,2181388:565367:568432,S09100,Ellis Hall (west side of University),181.88434437660808,12,2,1,1768342758,44.227874755859375,-76.49578857421875,0.0,,648577.0
1768342760,39,3490100012,,,,,,,2,,1768341115,44.250816345214844,-76.56455993652344,13.369999885559082,82.9000015258789,0.0
1768342760,40,3490101365,502,2199835:565988:568896,S09041,1055 Princess Street/Kingston Centre (north side),169.8352898627279,5,2,1,1768342755,44.24291229248047,-76.51516723632812,9.15999984741211,302.3999938964844,1341431.0
1768342760,41,3490100019,,,,,,,2,,1768341340,44.231075286865234,-76.48495483398438,0.0,,0.0
1768342760,42,3490100007,,,,,,,2,,1768342684,44.244964599609375,-76.4953842163086,13.779999732971191,354.29998779296875,0.0
1768342760,43,3490101482,6,2181459:563624:568572,S00614,660 Progress Avenue (north side),188.42255921506558,15,2,1,1768342755,44.245304107666016,-76.56790924072266,12.5,355.8999938964844,110344.0
1768342760,44,3490100011,,,,,,,2,,1768342340,44.22188949584961,-76.51815795898438,15.430000305175781,53.29999923706055,0.0
1768342760,45,3490101478,601,2182382:565622:568551,S02080,Innovation Drive at Highway 15 (north side),11.526957195501252,1,1,1,1768342758,44.272254943847656,-76.44621276855469,0.0,,153189.0
1768342760,46,3490101839,32,2181086:564921:568447,S02068,Mowat Avenue (south side of King),11.337999372788474,3,1,1,1768342756,44.22071075439453,-76.52064514160156,3.049999952316284,89.30000305175781,10613088.0
1768342760,47,3490101816,2,2181349:564030:568414,S09181,,,8,1,1,1768342735,44.23020935058594,-76.52618408203125,0.0,,248616.0
1768342760,48,3490100033,,,,,,,2,,1768341067,44.22116470336914,-76.51957702636719,0.0,,0.0
1768342760,49,3490101361,502,2199492:567056:568520,S09039,Portsmouth Avenue (south side of King),245.43021596987694,12,2,1,1768342753,44.22032165527344,-76.52828979492188,13.329999923706055,81.0,499251.0
1768342760,50,3490101480,701,2199609:563752:568992,S02028,Guy Street (west side of Division),378.67171119746257,6,2,1,1768342753,44.246891021728516,-76.4957275390625,15.550000190734863,173.5,126511.0
1768342760,51,3490101805,6,2181480:566845:568960,S00741,2698 Princess Street (north side),88.74622785727877,3,2,1,1768342752,44.25873947143555,-76.57540130615234,13.050000190734863,272.5,1482308.0
1768342760,52,3490101813,702,2182082:568852:568892,S09211,324 Palace Road (west side),245.43660436252696,15,2,1,1768342750,44.23615264892578,-76.51409912109375,11.109999656677246,175.5,97772.0
1768342760,53,3490101502,702,2182227:563735:568923,S00231,Russell Street (east side of Division),206.24276220415305,4,2,1,1768342755,44.24186706542969,-76.49485778808594,10.550000190734863,6.599999904632568,224191.0
1768342760,54,3490101477,701,2182033:564644:568925,S00617,Arlington Park Place (east side of Gardiners),105.52184860743262,18,2,1,1768342751,44.246971130371094,-76.5679702758789,9.4399995803833,358.79998779296875,372581.0
1768342760,55,3490101481,4,2199572:564290:568906,S00402,Augusta Drive (north side of Princess),228.93467870501019,16,2,1,1768342755,44.25825119018555,-76.5521469116211,13.329999923706055,271.20001220703125,598789.0
1768342760,56,3490100041,,,,,,,2,,1768342375,44.23148727416992,-76.4882583618164,0.0,,0.0
1768342760,57,3490101684,15,2181630:563531:568957,S00601,Taylor-Kidd Boulevard (west side of Liston),133.50410420013574,59,2,1,1768342755,44.25285339355469,-76.5938491821289,6.659999847412109,264.79998779296875,316835.0
1768342760,58,3490101837,501,2199319:567210:568261,S09042,Kingston Centre (south side of Princess),246.25455410519996,7,2,1,1768342757,44.24437713623047,-76.51881408691406,11.380000114440918,122.5999984741211,326327.0
1768342760,59,3490100077,,,,,,,2,,1768341104,44.23104476928711,-76.48522186279297,0.0,,0.0
1768342760,60,3490100050,,,,,,,2,,1768341697,44.235687255859375,-76.48383331298828,12.140000343322754,179.39999389648438,0.0
1768342760,61,3490100058,,,,,,,2,,1768341816,44.2318229675293,-76.48452758789062,0.0,,0.0
1768342760,62,3490101255,,,,,,,2,,1768342709,,,,,
1768342760,63,3490100006,,,,,,,2,,1768341534,44.23136901855469,-76.4842758178711,0.0,,0.0
1768342760,64,3490101922,,,,,,,2,,1768342740,44.25498580932617,-76.57261657714844,0.0,,154347.0
1768342760,65,3490100073,,,,,,,2,,1768340991,44.224822998046875,-76.49131774902344,10.130000114440918,78.5,0.0
1768342760,66,3490101683,501,2199379:564759:568954,S09040,Sir John A Macdonald Blvd (north side of King),371.7992441721931,4,2,1,1768342758,44.221431732177734,-76.50823974609375,11.9399995803833,265.0,17426.0
1768342760,67,3490101364,702,2182083:568711:569001,S09208,RioCan Centre (west side of Gardiners),276.09688876593424,3,2,1,1768342757,44.24681091308594,-76.56822204589844,8.050000190734863,178.89999389648438,321217.0
1768342760,68,3490100068,,,,,,,2,,1768342538,44.253360748291016,-76.49673461914062,,,0.0
1768342760,69,3490101366,11,2181444:568763:568933,S09228,Development Drive (west side of Gardiners),316.9758936059599,6,2,1,1768342758,44.244834899902344,-76.56751251220703,0.0,,2743785.0
1768342760,70,3490101504,16,2192641:565597:568571,S00450,Herbert Street (east side of Mowat),32.658148939251966,5,2,1,1768342749,44.22491455078125,-76.52062225341797,2.7699999809265137,95.0999984741211,3366880.0
1768342760,71,3490100036,,,,,,,2,,1768342124,44.25517272949219,-76.58689880371094,0.0,,0.0
1768342760,72,3490100071,,,,,,,2,,1768342742,44.2462043762207,-76.56800842285156,10.34000015258789,356.79998779296875,0.0
1768342760,73,3490100030,,,,,,,2,,1768341671,44.25513458251953,-76.57244110107422,0.0,,0.0
1768342760,74,3490101479,2,2181319:564126:568518,S02001,Kirkpatrick Street (west side of Division),258.0195434956825,20,2,1,1768342744,44.25547790527344,-76.49711608886719,5.550000190734863,171.39999389648438,941006.0
1768342760,75,3490101831,1,2181385:567551:568422,S09121,Compton Street (north side of Weller),4.21971144928023,34,0,1,1768342758,44.261966705322266,-76.49044036865234,1.1100000143051147,,620282.0
1768342760,76,3490100048,,,,,,,2,,1768341597,44.24077606201172,-76.57971954345703,0.0,,0.0
1768342760,77,3490102101,502,2199491:563612:568288,S02037,Downtown Transfer Point Platform 3,43.745571214891406,16,2,1,1768342734,44.230743408203125,-76.48460388183594,2.7699999809265137,31.100000381469727,4464101.0
1768342760,78,3490100060,,,,,,,2,,1768342733,44.22014617919922,-76.53125,10.850000381469727,88.5999984741211,0.0
1768342760,79,3490101510,32,2181070:567769:568283,S00503,Kingston Centre Transfer Point Platform 6,56.00452427020234,31,1,1,1768342759,44.24227523803711,-76.51705932617188,0.8299999833106995,,3490534.0
1768342760,80,3490101362,4,2199421:565047:568910,S00397,Taylor-Kidd Boulevard (south side of Princess),135.48865321461963,7,2,1,1768342748,44.25746154785156,-76.54273986816406,0.0,,2635478.0
1768342760,81,3490100064,,,,,,,2,,1768342099,44.26593780517578,-76.48909759521484,10.180000305175781,266.3999938964844,0.0
1768342760,82,3490101808,,,,,,,2,,1768342722,,,,,
1768342760,83,3490101920,15,2181604:563798:568365,S00804,Frontenac Secondary School (north side of Bath),204.99453974334997,57,2,1,1768342754,44.23768615722656,-76.57471466064453,8.609999656677246,273.3999938964844,182005.0
1768342760,84,3490101825,15,2181631:566938:568559,S00609,Justus Drive (north side of Development),176.85538680785996,28,2,1,1768342759,44.241764068603516,-76.57038116455078,14.4399995803833,267.5,1368992.0
1768342760,85,3490100039,,,,,,,2,,1768341928,44.23810958862305,-76.48277282714844,0.5600000023841858,,0.0
1768342760,86,3490100055,,,,,,,2,,1768341529,44.229671478271484,-76.52603912353516,0.0,,0.0
1768342760,87,3490100028,,,,,,,2,,1768341362,44.231483459472656,-76.4843978881836,0.0,,0.0
1768342760,88,3490100020,,,,,,,2,,1768340700,44.26173782348633,-76.50640106201172,0.0,,0.0
1768342760,89,3490100069,,,,,,,2,,1768342165,44.240745544433594,-76.5145034790039,3.5399999618530273,84.30000305175781,0.0
1768342760,90,3490100047,,,,,,,2,,1768342298,44.23234176635742,-76.48555755615234,0.0,,0.0
1768342760,91,3490100072,,,,,,,2,,1768341315,44.24812316894531,-76.49602508544922,8.84000015258789,172.89999389648438,0.0
1768342760,92,3490101830,,,,,,,2,,1768342755,44.26125717163086,-76.50675964355469,0.0,,555238.0
1768342760,93,3490101368,15,2181605:566391:568487,S00678,Humberside Drive (west side of Mona),155.11136814797243,30,2,1,1768342752,44.255924224853516,-76.60517120361328,8.880000114440918,249.89999389648438,55563.0
1768342760,94,3490100004,,,,,,,2,,1768341842,44.257904052734375,-76.48258209228516,0.0,,0.0
1768342760,95,3490101509,16,2192733:566393:568361,S00475,MacPherson Avenue (east side of Van Order),232.83147854371782,15,2,1,1768342759,44.233943939208984,-76.5162582397461,7.5,335.70001220703125,1552503.0
1768342760,96,3490101370,12,2182403:567818:568374,S00437,Victoria Street (north side of Union),153.67071631672465,19,2,1,1768342750,44.22715377807617,-76.50044250488281,7.21999979019165,253.39999389648438,224547.0
1768342760,97,3490100038,,,,,,,2,,1768342023,44.254981994628906,-76.57237243652344,0.0,,0.0
1768342760,98,3490100067,,,,,,,2,,1768342103,44.25809860229492,-76.5531005859375,8.789999961853027,90.19999694824219,0.0
1768342760,99,3490100034,,,,,,,2,,1768341686,44.228580474853516,-76.481201171875,0.0,,0.0
1768342760,100,3490100026,,,,,,,2,,1768341388,44.242008209228516,-76.5678482055664,0.0,,0.0
1768342760,101,3490100063,,,,,,,2,,1768341574,44.25617218017578,-76.57424926757812,6.119999885559082,184.5,0.0
1768342760,102,3490100037,,,,,,,2,,1768341589,44.265769958496094,-76.50335693359375,15.119999885559082,267.8999938964844,0.0
1768342760,103,3490101506,14,2181760:563243:568400,S09188,,,22,2,1,1768342755,44.25441360473633,-76.55403900146484,4.440000057220459,345.5,181890.0
1768342760,104,3490100044,,,,,,,2,,1768341885,44.275184631347656,-76.56546020507812,2.4100000858306885,175.3000030517578,0.0
1768342760,105,3490100027,,,,,,,2,,1768340972,44.25896453857422,-76.52915954589844,13.989999771118164,96.5999984741211,0.0
1768342760,106,3490100049,,,,,,,2,,1768342051,44.223716735839844,-76.51263427734375,1.2300000190734863,,0.0
1768342760,107,3490100040,,,,,,,2,,1768342608,44.228397369384766,-76.57592010498047,9.869999885559082,280.3999938964844,0.0
1768342760,108,3490100029,,,,,,,2,,1768341907,44.234619140625,-76.58529663085938,10.229999542236328,281.3999938964844,0.0
1768342760,109,3490100018,,,,,,,2,,1768341950,44.23291015625,-76.47901153564453,7.349999904632568,192.0,0.0
1768342760,110,3490101050,,,,,,,2,,1768340386,,,,,
1768342760,111,3490100051,,,,,,,2,,1768341936,44.27098083496094,-76.448974609375,14.5,38.29999923706055,0.0
1768342760,112,3490100023,,,,,,,2,,1768342628,44.24054718017578,-76.51771545410156,0.0,,0.0
1768342760,113,3490100070,,,,,,,2,,1768341882,44.2547607421875,-76.58727264404297,7.920000076293945,34.29999923706055,0.0
1768342760,114,3490100009,,,,,,,2,,1768342491,44.231056213378906,-76.48495483398438,0.0,,0.0
1768342760,115,3490100013,,,,,,,2,,1768342614,44.22689437866211,-76.48794555664062,0.0,,0.0
1768342760,116,3490100008,,,,,,,2,,1768342018,44.224544525146484,-76.49353790283203,9.460000038146973,78.5999984741211,0.0
1768342760,117,3490100052,,,,,,,2,,1768341193,44.2549934387207,-76.60659790039062,4.210000038146973,200.10000610351562,0.0
1768342760,118,3490100079,,,,,,,2,,1768342696,44.248802185058594,-76.5683364868164,0.0,,0.0
1768342760,119,3490100059,,,,,,,2,,1768341202,44.2213134765625,-76.51927185058594,1.7400000095367432,234.6999969482422,0.0
1768342760,120,3490100075,,,,,,,2,,1768341606,44.24072265625,-76.5166015625,11.520000457763672,263.5,0.0
1768342760,121,3490102108,,,,,,,2,,1768342706,,,,,
1768342760,122,3490100062,,,,,,,2,,1768341967,44.233341217041016,-76.47882843017578,3.2899999618530273,187.89999389648438,0.0
1768342760,123,3490100022,,,,,,,2,,1768342366,44.26308059692383,-76.44766998291016,11.829999923706055,217.39999389648438,0.0
1768342760,124,3490102502,,,,,,,2,,1768342554,44.26124572753906,-76.50753021240234,0.0,,0.0
1768342760,125,3490100081,,,,,,,2,,1768342268,44.26123809814453,-76.50752258300781,0.0,,0.0
1768342760,126,3490100043,,,,,,,2,,1768342505,44.2270393371582,-76.64672088623047,8.380000114440918,278.0,0.0
1768342760,127,3490102403,,,,,,,2,,1768342749,44.2613525390625,-76.50675964355469,0.0,,0.0
1768342760,128,3490100074,,,,,,,2,,1768341169,44.23074722290039,-76.5225830078125,0.7200000286102295,,0.0
1768342760,129,3490100017,,,,,,,2,,1768341087,44.26133728027344,-76.50679779052734,0.0,,0.0
1768342760,130,3490100042,,,,,,,2,,1768342023,44.23744201660156,-76.56755828857422,0.0,,0.0
1768342760,131,3490100054,,,,,,,2,,1768341055,44.25495529174805,-76.56880950927734,0.0,,0.0
1768342760,132,3490100003,,,,,,,2,,1768341074,44.24042510986328,-76.52008056640625,13.470000267028809,263.6000061035156,0.0
1768342760,133,3490100002,,,,,,,2,,1768342635,44.25498580932617,-76.5726089477539,0.0,,0.0
1768342760,134,3490101363,,,,,,,2,,1768342751,44.26121520996094,-76.50670623779297,0.0,,255.0
1768342790,0,3490101367,4,2199420:566261:568900,S09082,270 Princess Street (south side),7.045336149338011,21,1,1,1768342782,44.2324333190918,-76.48795318603516,0.0,,4241006.0
1768342790,1,3490101951,12,2182393:567758:568524,S00126,Highway 2 at Royal Military College (south side),407.1937103114212,19,2,1,1768342789,44.23531723022461,-76.47016906738281,13.880000114440918,73.4000015258789,299148.0
1768342790,2,3490101369,14,2181773:564211:568941,S02083,Cataraqui Centre Transfer Point Platform 6,7.059083404219986,1,1,1,1768342784,44.254940032958984,-76.5728988647461,0.0,,130949.0
1768342790,3,3490102106,19A,2181884:563973:568958,S09112,,,9,1,1,1768342785,44.26513671875,-76.5898666381836,0.0,,868155.0
1768342790,4,3490101254,7,2181863:568106:568502,S00746,First Canada Avenue (east side of Division),629.8281263582036,17,2,1,1768342779,44.25802230834961,-76.49740600585938,8.609999656677246,353.6000061035156,1080015.0
1768342790,5,3490102402,602,2182378:566256:568495,S02038,Downtown Transfer Point Platform 5,914.80182599337,2,2,1,1768342781,44.22489929199219,-76.49079132080078,1.3799999952316284,,57930.0
1768342790,6,3490102401,,,,,,,2,,1768342784,44.26150131225586,-76.5071029663086,0.0,,0.0
1768342790,7,3490102107,,,,,,,2,,1768342739,44.26140213012695,-76.50652313232422,0.0,,268097.0
1768342790,8,3490101688,7,2181857:564384:568424,S00052,Bus Terminal Transfer Point Platform 3,340.8465350561038,20,2,1,1768342783,44.25603485107422,-76.50404357910156,10.0,263.1000061035156,2205069.0
1768342790,9,3490100014,,,,,,,2,,1768342738,44.26140213012695,-76.50652313232422,0.0,,0.0
1768342790,10,3490101687,10,2181662:568003:568355,S00773,,,31,2,1,1768342784,44.22210693359375,-76.65031433105469,12.770000457763672,336.1000061035156,4889970.0
1768342790,11,3490100016,,,,,,,2,,1768341303,44.26152038574219,-76.5071029663086,0.0,,0.0
1768342790,12,3490100056,,,,,,,2,,1768342041,44.26652526855469,-76.5846176147461,9.670000076293945,90.0,0.0
1768342790,13,3490101046,501,2199377:566555:568929,S09057,Princess Street (south side) east of Bayridge,229.09106836683216,15,2,1,1768342767,44.25860595703125,-76.58402252197266,0.0,,0.0
1768342790,14,3490101257,31,2181060:566520:568328,S00367,Leroy Grant Drive (south side of Concession),491.56149094763816,15,2,1,1768342758,44.2408447265625,-76.51311492919922,8.050000190734863,82.4000015258789,607833.0
1768342790,15,3490100078,,,,,,,2,,1768341440,44.25556945800781,-76.54017639160156,13.369999885559082,133.10000610351562,0.0
1768342790,16,3490100005,,,,,,,2,,1768342305,44.25814437866211,-76.57390594482422,0.0,,0.0
1768342790,17,3490101359,,,,,,,2,,1768342787,44.25626754760742,-76.49972534179688,10.829999923706055,266.1000061035156,219052.0
1768342790,18,3490101901,801,2182174:566734:568994,Smspr1,Montreal Street Park and Ride,2.2481668705351567,1,1,1,1768342778,44.278968811035156,-76.47254180908203,0.0,,0.0
1768342790,19,3490101360,2,2181318:564953:568381,S00055,Mowat Avenue (north side of Union),132.43384552485088,45,2,1,1768342786,44.22180938720703,-76.5184555053711,10.029999732971191,231.6999969482422,0.0
1768342790,20,3490101258,701,2182034:564199:568895,S00734,Tanner Drive (north side of Bath),92.85495921236871,14,2,1,1768342777,44.23706817626953,-76.55868530273438,1.940000057220459,269.1000061035156,417864.0
1768342790,21,3490101256,16,2192640:567862:568970,S09229,Kirkpatrick Street (east side of Division),40.81941618051248,30,2,1,1768342771,44.25345993041992,-76.49686431884766,0.0,,1522741.0
1768342790,22,3490101923,4,2199573:564002:568242,S00278,University Avenue (north side of Princess),433.72122029163876,3,2,1,1768342748,44.232078552246094,-76.4918212890625,4.71999979019165,278.1000061035156,184027.0
1768342790,23,3490101826,501,2199378:566889:568336,S09032,Conservatory Drive (east side of Bayridge),85.18984291514741,11,2,1,1768342785,44.23188400268555,-76.59300994873047,14.4399995803833,358.1000061035156,408738.0
1768342790,24,3490101812,602,2182354:564370:568390,S09226,Grenadier Drive (east side of Highway 15),186.39776934627145,7,2,1,1768342789,44.252098083496094,-76.46060943603516,13.880000114440918,1.100000023841858,240249.0
1768342790,25,3490101840,601,2182334:564112:568504,S00127,Highway 2 at Royal Military College (north side),749.4951510219696,11,2,1,1768342782,44.2396240234375,-76.45875549316406,6.380000114440918,231.89999389648438,374592.0
1768342790,26,3490101827,22,2192699:563521:568948,S00212,Briceland Street (east side of Montreal),561.5148220771263,9,2,1,1768342789,44.25820541381836,-76.47489929199219,18.329999923706055,253.1999969482422,2293168.0
1768342790,27,3490101821,12,2182322:563883:568442,S02070,St. Lawrence College Transfer Point,31.55335382399324,1,1,1,1768342779,44.22355270385742,-76.5261001586914,0.0,,1618132.0
1768342790,28,3490101803,502,2199493:567891:568951,S09033,Acadia Drive (west side of Bayridge),684.4121402511407,6,2,1,1768342788,44.23835372924805,-76.59339904785156,7.769999980926514,192.60000610351562,2379909.0
1768342790,29,3490101807,11,2181507:564543:568931,S00528,1600 Bath Road (north side),11.02123406382217,24,0,1,1768342786,44.237159729003906,-76.5637435913086,11.109999656677246,270.20001220703125,3912636.0
1768342790,30,3490101811,,,,,,,2,,1768342744,44.2617301940918,-76.50687408447266,0.0,,5356098.0
1768342790,31,3490101838,13,2181744:566874:568902,S09322,,,12,2,1,1768342772,44.25813293457031,-76.5498046875,10.829999923706055,90.19999694824219,1213750.0
1768342790,32,3490101686,701,2182036:566613:568898,S00349,Victoria Street (north side of Brock),60.0991825346176,4,2,1,1768342771,44.23276901245117,-76.50244903564453,1.3799999952316284,,790470.0
1768342790,33,3490102103,1,2181397:567441:568490,S02039,Downtown Transfer Point Platform 4,9.707819162680241,34,1,1,1768342789,44.231292724609375,-76.48441314697266,0.0,,3940639.0
1768342790,34,3490102102,,,,,,,2,,1768342736,44.26152420043945,-76.50737762451172,0.0,,8187962.0
1768342790,35,3490101818,702,2204800:568842:568894,S02040,Downtown Transfer Point Platform 6,99.62141445202364,20,2,1,1768342779,44.23040771484375,-76.48489379882812,0.0,,1621752.0
1768342790,36,3490102105,2,2181348:564973:568419,S09229,Kirkpatrick Street (east side of Division),117.41160717414903,36,2,1,1768342788,44.25273513793945,-76.49657440185547,11.109999656677246,353.6000061035156,1692359.0
1768342790,37,3490101817,502,2199535:564663:568260,S00400,Andersen Drive (north side of Princess),640.7012288207399,8,2,1,1768342784,44.257041931152344,-76.54185485839844,6.110000133514404,317.8999938964844,3272880.0
1768342790,38,3490102104,1,2181388:565367:568432,S09100,Ellis Hall (west side of University),78.4366181255115,12,2,1,1768342786,44.2269401550293,-76.49559020996094,10.550000190734863,179.8000030517578,648692.0
1768342790,39,3490100012,,,,,,,2,,1768341115,44.250816345214844,-76.56455993652344,13.369999885559082,82.9000015258789,0.0
1768342790,40,3490101365,502,2199835:565988:568896,S09041,1055 Princess Street/Kingston Centre (north side),7.114108423219029,5,1,1,1768342785,44.24368667602539,-76.51693725585938,0.0,,1341589.0
1768342790,41,3490100019,,,,,,,2,,1768341340,44.231075286865234,-76.48495483398438,0.0,,0.0
1768342790,42,3490100007,,,,,,,2,,1768342684,44.244964599609375,-76.4953842163086,13.779999732971191,354.29998779296875,0.0
1768342790,43,3490101482,6,2181459:563624:568572,S00614,660 Progress Avenue (north side),3.014278989576308,15,1,1,1768342787,44.24665832519531,-76.56926727294922,0.0,,110576.0
1768342790,44,3490100011,,,,,,,2,,1768342340,44.22188949584961,-76.51815795898438,15.430000305175781,53.29999923706055,0.0
1768342790,45,3490101478,601,2182382:565622:568551,S02080,Innovation Drive at Highway 15 (north side),11.526957195501252,1,1,1,1768342758,44.272254943847656,-76.44621276855469,0.0,,153189.0
1768342790,46,3490101839,32,2181086:564921:568447,S00413,Sir John A Macdonald Blvd. (south side of King),357.7193794179247,5,2,1,1768342789,44.220916748046875,-76.51651000976562,15.550000190734863,87.80000305175781,10613410.0
1768342790,47,3490101816,2,2181349:564030:568414,S00467,Curtis Crescent (west side of Portsmouth),285.86054976410986,9,2,1,1768342781,44.22956466674805,-76.52610778808594,10.550000190734863,175.3000030517578,248688.0
1768342790,48,3490100033,,,,,,,2,,1768341067,44.22116470336914,-76.51957702636719,0.0,,0.0
1768342790,49,3490101361,502,2199492:567056:568520,S09039,Portsmouth Avenue (south side of King),9.5744230495893,12,1,1,1768342779,44.22039031982422,-76.52525329589844,0.0,,499493.0
1768342790,50,3490101480,701,2199609:563752:568992,S02028,Guy Street (west side of Division),11.12079018783933,6,1,1,1768342786,44.243595123291016,-76.49524688720703,1.3799999952316284,,126883.0
1768342790,51,3490101805,6,2181480:566845:568960,S00739,Princess Street (north side) east of Bayridge,282.89159072465554,4,2,1,1768342785,44.25886154174805,-76.5775375366211,11.9399995803833,278.8999938964844,1482469.0
1768342790,52,3490101813,702,2182082:568852:568892,S09211,324 Palace Road (west side),2.7776963006590116,15,1,1,1768342780,44.23396301269531,-76.51387023925781,0.0,,98015.0
1768342790,53,3490101502,702,2182227:563735:568923,S00231,Russell Street (east side of Division),7.732266726841365,4,1,1,1768342789,44.24370574951172,-76.49524688720703,1.3799999952316284,,224367.0
1768342790,54,3490101477,701,2182033:564644:568925,S00617,Arlington Park Place (east side of Gardiners),3.4398639592479854,18,1,1,1768342767,44.247920989990234,-76.5679931640625,0.8299999833106995,,372677.0
1768342790,55,3490101481,4,2199572:564290:568906,S00402,Augusta Drive (north side of Princess),9.355126743465108,16,1,1,1768342788,44.258270263671875,-76.55511474609375,0.0,,599028.0
1768342790,56,3490100041,,,,,,,2,,1768342375,44.23148727416992,-76.4882583618164,0.0,,0.0
1768342790,57,3490101684,15,2181630:563531:568957,S00601,Taylor-Kidd Boulevard (west side of Liston),8.886458714623345,59,1,1,1768342777,44.251747131347656,-76.59439849853516,0.0,,316971.0
1768342790,58,3490101837,501,2199319:567210:568261,S09042,Kingston Centre (south side of Princess),17.999590046784817,7,1,1,1768342786,44.243072509765625,-76.51604461669922,0.0,,326598.0
1768342790,59,3490100077,,,,,,,2,,1768341104,44.23104476928711,-76.48522186279297,0.0,,0.0
1768342790,60,3490100050,,,,,,,2,,1768341697,44.235687255859375,-76.48383331298828,12.140000343322754,179.39999389648438,0.0
1768342790,61,3490100058,,,,,,,2,,1768341816,44.2318229675293,-76.48452758789062,0.0,,0.0
1768342790,62,3490101255,,,,,,,2,,1768342769,,,,,
1768342790,63,3490100006,,,,,,,2,,1768341534,44.23136901855469,-76.4842758178711,0.0,,0.0
1768342790,64,3490101922,,,,,,,2,,1768342740,44.25498580932617,-76.57261657714844,0.0,,154347.0
1768342790,65,3490100073,,,,,,,2,,1768340991,44.224822998046875,-76.49131774902344,10.130000114440918,78.5,0.0
1768342790,66,3490101683,501,2199379:564759:568954,S09040,Sir John A Macdonald Blvd (north side of King),174.92241464848357,4,2,1,1768342774,44.22121810913086,-76.51069641113281,11.9399995803833,267.29998779296875,17629.0
1768342790,67,3490101364,702,2182083:568711:569001,S09208,RioCan Centre (west side of Gardiners),179.269230660928,3,2,1,1768342767,44.245941162109375,-76.56816101074219,9.15999984741211,178.0,321321.0
1768342790,68,3490100068,,,,,,,2,,1768342538,44.253360748291016,-76.49673461914062,,,0.0
1768342790,69,3490101366,11,2181444:568763:568933,S09228,Development Drive (west side of Gardiners),186.32981444476948,6,2,1,1768342784,44.243675231933594,-76.56798553466797,13.609999656677246,178.5,2743948.0
1768342790,70,3490101504,16,2192641:565597:568571,S00447,Forsythe Avenue (east side of Mowat),2.4766031732668092,6,1,1,1768342789,44.22657012939453,-76.52054595947266,0.0,,3367078.0
1768342790,71,3490100036,,,,,,,2,,1768342124,44.25517272949219,-76.58689880371094,0.0,,0.0
1768342790,72,3490100071,,,,,,,2,,1768342742,44.2462043762207,-76.56800842285156,10.34000015258789,356.79998779296875,0.0
1768342790,73,3490100030,,,,,,,2,,1768341671,44.25513458251953,-76.57244110107422,0.0,,0.0
1768342790,74,3490101479,2,2181319:564126:568518,S02001,Kirkpatrick Street (west side of Division),56.68425052952977,20,2,1,1768342783,44.25367736816406,-76.4968490600586,7.21999979019165,173.5,941211.0
1768342790,75,3490101831,1,2181385:567551:568422,S00203,Trillium Court (north side of Weller),174.28827545710507,35,2,1,1768342785,44.26191711425781,-76.49092102050781,8.880000114440918,264.0,620321.0
1768342790,76,3490100048,,,,,,,2,,1768341597,44.24077606201172,-76.57971954345703,0.0,,0.0
1768342790,77,3490102101,502,2199491:563612:568288,S02037,Downtown Transfer Point Platform 3,41.04104875259067,16,2,1,1768342764,44.23078155517578,-76.48458862304688,0.0,,4464105.0
1768342790,78,3490100060,,,,,,,2,,1768342733,44.22014617919922,-76.53125,10.850000381469727,88.5999984741211,0.0
1768342790,79,3490101510,32,2181070:567769:568283,S00503,Kingston Centre Transfer Point Platform 6,2.396743513179743,31,1,1,1768342780,44.241817474365234,-76.51676177978516,0.27000001072883606,,3490612.0
1768342790,80,3490101362,4,2199421:565047:568910,S00044,Parkway (south side of Princess),849.3099007546746,8,2,1,1768342788,44.25642776489258,-76.54133605957031,7.5,135.60000610351562,2635649.0
1768342790,81,3490100064,,,,,,,2,,1768342099,44.26593780517578,-76.48909759521484,10.180000305175781,266.3999938964844,0.0
1768342790,82,3490101808,,,,,,,2,,1768342783,,,,,
1768342790,83,3490101920,15,2181604:563798:568365,S00804,Frontenac Secondary School (north side of Bath),4.028160925792353,57,1,1,1768342786,44.23781204223633,-76.57732391357422,3.049999952316284,276.79998779296875,182218.0
1768342790,84,3490101825,15,2181631:566938:568559,S00598,McKay Street (north side of Development),148.19608041961902,29,2,1,1768342787,44.24160385131836,-76.57533264160156,14.720000267028809,265.29998779296875,1369390.0
1768342790,85,3490100039,,,,,,,2,,1768341928,44.23810958862305,-76.48277282714844,0.5600000023841858,,0.0
1768342790,86,3490100055,,,,,,,2,,1768341529,44.229671478271484,-76.52603912353516,0.0,,0.0
1768342790,87,3490100028,,,,,,,2,,1768341362,44.231483459472656,-76.4843978881836,0.0,,0.0
1768342790,88,3490100020,,,,,,,2,,1768340700,44.26173782348633,-76.50640106201172,0.0,,0.0
1768342790,89,3490100069,,,,,,,2,,1768342165,44.240745544433594,-76.5145034790039,3.5399999618530273,84.30000305175781,0.0
1768342790,90,3490100047,,,,,,,2,,1768342298,44.23234176635742,-76.48555755615234,0.0,,0.0
1768342790,91,3490100072,,,,,,,2,,1768341315,44.24812316894531,-76.49602508544922,8.84000015258789,172.89999389648438,0.0
1768342790,92,3490101830,,,,,,,2,,1768342755,44.26125717163086,-76.50675964355469,0.0,,555238.0
1768342790,93,3490101368,15,2181605:566391:568487,S00678,Humberside Drive (west side of Mona),8.57502991792125,30,1,1,1768342787,44.25493240356445,-76.60668182373047,0.0,,55732.0
1768342790,94,3490100004,,,,,,,2,,1768341842,44.257904052734375,-76.48258209228516,0.0,,0.0
1768342790,95,3490101509,16,2192733:566393:568361,S00475,MacPherson Avenue (east side of Van Order),3.818796920455511,15,1,1,1768342787,44.23566818237305,-76.51786804199219,0.550000011920929,,1552734.0
1768342790,96,3490101370,12,2182403:567818:568374,S00440,Willingdon Avenue (north side of Union),223.04101050121423,20,2,1,1768342782,44.22617721557617,-76.50431060791016,10.550000190734863,246.89999389648438,224880.0
1768342790,97,3490100038,,,,,,,2,,1768342023,44.254981994628906,-76.57237243652344,0.0,,0.0
1768342790,98,3490100067,,,,,,,2,,1768342103,44.25809860229492,-76.5531005859375,8.789999961853027,90.19999694824219,0.0
1768342790,99,3490100034,,,,,,,2,,1768341686,44.228580474853516,-76.481201171875,0.0,,0.0
1768342790,100,3490100026,,,,,,,2,,1768341388,44.242008209228516,-76.5678482055664,0.0,,0.0
1768342790,101,3490100063,,,,,,,2,,1768341574,44.25617218017578,-76.57424926757812,6.119999885559082,184.5,0.0
1768342790,102,3490100037,,,,,,,2,,1768341589,44.265769958496094,-76.50335693359375,15.119999885559082,267.8999938964844,0.0
1768342790,103,3490101506,14,2181760:563243:568400,S09188,,,22,1,1,1768342783,44.25384521484375,-76.55148315429688,0.8299999833106995,,182102.0
1768342790,104,3490100044,,,,,,,2,,1768341885,44.275184631347656,-76.56546020507812,2.4100000858306885,175.3000030517578,0.0
1768342790,105,3490100027,,,,,,,2,,1768342772,44.23712921142578,-76.56194305419922,8.170000076293945,270.8999938964844,0.0
1768342790,106,3490100049,,,,,,,2,,1768342051,44.223716735839844,-76.51263427734375,1.2300000190734863,,0.0
1768342790,107,3490100040,,,,,,,2,,1768342608,44.228397369384766,-76.57592010498047,9.869999885559082,280.3999938964844,0.0
1768342790,108,3490100029,,,,,,,2,,1768341907,44.234619140625,-76.58529663085938,10.229999542236328,281.3999938964844,0.0
1768342790,109,3490100018,,,,,,,2,,1768341950,44.23291015625,-76.47901153564453,7.349999904632568,192.0,0.0
1768342790,110,3490101050,,,,,,,2,,1768342784,44.25935745239258,-76.50505828857422,10.270000457763672,88.4000015258789,568.0
1768342790,111,3490100051,,,,,,,2,,1768341936,44.27098083496094,-76.448974609375,14.5,38.29999923706055,0.0
1768342790,112,3490100023,,,,,,,2,,1768342628,44.24054718017578,-76.51771545410156,0.0,,0.0
1768342790,113,3490100070,,,,,,,2,,1768341882,44.2547607421875,-76.58727264404297,7.920000076293945,34.29999923706055,0.0
1768342790,114,3490100009,,,,,,,2,,1768342491,44.231056213378906,-76.48495483398438,0.0,,0.0
1768342790,115,3490100013,,,,,,,2,,1768342614,44.22689437866211,-76.48794555664062,0.0,,0.0
1768342790,116,3490100008,,,,,,,2,,1768342018,44.224544525146484,-76.49353790283203,9.460000038146973,78.5999984741211,0.0
1768342790,117,3490100052,,,,,,,2,,1768341193,44.2549934387207,-76.60659790039062,4.210000038146973,200.10000610351562,0.0
1768342790,118,3490100079,,,,,,,2,,1768342696,44.248802185058594,-76.5683364868164,0.0,,0.0
1768342790,119,3490100059,,,,,,,2,,1768341202,44.2213134765625,-76.51927185058594,1.7400000095367432,234.6999969482422,0.0
1768342790,120,3490100075,,,,,,,2,,1768341606,44.24072265625,-76.5166015625,11.520000457763672,263.5,0.0
1768342790,121,3490102108,,,,,,,2,,1768342766,,,,,
1768342790,122,3490100062,,,,,,,2,,1768341967,44.233341217041016,-76.47882843017578,3.2899999618530273,187.89999389648438,0.0
1768342790,123,3490100022,,,,,,,2,,1768342366,44.26308059692383,-76.44766998291016,11.829999923706055,217.39999389648438,0.0
1768342790,124,3490102502,,,,,,,2,,1768342554,44.26124572753906,-76.50753021240234,0.0,,0.0
1768342790,125,3490100081,,,,,,,2,,1768342268,44.26123809814453,-76.50752258300781,0.0,,0.0
1768342790,126,3490100043,,,,,,,2,,1768342505,44.2270393371582,-76.64672088623047,8.380000114440918,278.0,0.0
1768342790,127,3490102403,,,,,,,2,,1768342749,44.2613525390625,-76.50675964355469,0.0,,0.0
1768342790,128,3490100074,,,,,,,2,,1768341169,44.23074722290039,-76.5225830078125,0.7200000286102295,,0.0
1768342790,129,3490100017,,,,,,,2,,1768341087,44.26133728027344,-76.50679779052734,0.0,,0.0
1768342790,130,3490100042,,,,,,,2,,1768342023,44.23744201660156,-76.56755828857422,0.0,,0.0
1768342790,131,3490100054,,,,,,,2,,1768341055,44.25495529174805,-76.56880950927734,0.0,,0.0
1768342790,132,3490100003,,,,,,,2,,1768341074,44.24042510986328,-76.52008056640625,13.470000267028809,263.6000061035156,0.0
1768342790,133,3490100002,,,,,,,2,,1768342635,44.25498580932617,-76.5726089477539,0.0,,0.0
1768342790,134,3490101363,,,,,,,2,,1768342751,44.26121520996094,-76.50670623779297,0.0,,255.0
1768342820,0,3490101367,4,2199420:566261:568900,S02039,Downtown Transfer Point Platform 4,224.46142601151126,22,2,1,1768342807,44.23229217529297,-76.48692321777344,7.769999980926514,100.80000305175781,4241088.0
1768342820,1,3490101951,12,2182393:567758:568524,S00126,Highway 2 at Royal Military College (south side),73.59417217791598,19,2,1,1768342813,44.236637115478516,-76.4664077758789,8.880000114440918,62.900001525878906,299478.0
1768342820,2,3490101369,14,2181773:564211:568941,S02083,Cataraqui Centre Transfer Point Platform 6,7.059083404219986,1,1,1,1768342815,44.254940032958984,-76.5728988647461,0.0,,130949.0
1768342820,3,3490102106,19A,2181884:563973:568958,S09122,,,10,2,1,1768342817,44.26304244995117,-76.5898208618164,11.109999656677246,178.5,868381.0
1768342820,4,3490101254,7,2181863:568106:568502,S00746,First Canada Avenue (east side of Division),400.73807997581946,17,2,1,1768342815,44.26005935668945,-76.49795532226562,11.380000114440918,342.79998779296875,1080247.0
1768342820,5,3490102402,602,2182378:566256:568495,S02038,Downtown Transfer Point Platform 5,757.9169931540231,2,2,1,1768342816,44.22596740722656,-76.48948669433594,10.270000457763672,48.400001525878906,58103.0
1768342820,6,3490102401,,,,,,,2,,1768342784,44.26150131225586,-76.5071029663086,0.0,,0.0
1768342820,7,3490102107,,,,,,,2,,1768342799,44.261409759521484,-76.50651550292969,0.0,,268097.0
1768342820,8,3490101688,7,2181857:564384:568424,S00052,Bus Terminal Transfer Point Platform 3,91.52882643335722,20,2,1,1768342813,44.257930755615234,-76.50614166259766,13.329999923706055,353.5,2205393.0
1768342820,9,3490100014,,,,,,,2,,1768342738,44.26140213012695,-76.50652313232422,0.0,,0.0
1768342820,10,3490101687,10,2181662:568003:568355,S09167,,,32,2,1,1768342816,44.22292709350586,-76.65335083007812,12.220000267028809,257.3999938964844,4890323.0
1768342820,11,3490100016,,,,,,,2,,1768341303,44.26152038574219,-76.5071029663086,0.0,,0.0
1768342820,12,3490100056,,,,,,,2,,1768342041,44.26652526855469,-76.5846176147461,9.670000076293945,90.0,0.0
1768342820,13,3490101046,501,2199377:566555:568929,S09057,Princess Street (south side) east of Bayridge,123.93703639996305,15,2,1,1768342806,44.25955581665039,-76.5827865600586,10.279999732971191,105.80000305175781,0.0
1768342820,14,3490101257,31,2181060:566520:568328,S00367,Leroy Grant Drive (south side of Concession),285.49727645611716,15,2,1,1768342815,44.24117660522461,-76.51054382324219,8.880000114440918,90.30000305175781,608052.0
1768342820,15,3490100078,,,,,,,2,,1768341440,44.25556945800781,-76.54017639160156,13.369999885559082,133.10000610351562,0.0
1768342820,16,3490100005,,,,,,,2,,1768342305,44.25814437866211,-76.57390594482422,0.0,,0.0
1768342820,17,3490101359,,,,,,,2,,1768342810,44.256195068359375,-76.50142669677734,0.0,,219181.0
1768342820,18,3490101901,801,2182174:566734:568994,Smspr1,Montreal Street Park and Ride,9.426587013851352,1,1,1,1768342809,44.27898406982422,-76.47268676757812,0.0,,0.0
1768342820,19,3490101360,2,2181318:564953:568381,S00055,Mowat Avenue (north side of Union),1.5387717692828855,45,1,1,1768342816,44.22110366821289,-76.51978302001953,0.0,,0.0
1768342820,20,3490101258,701,2182034:564199:568895,S00528,1600 Bath Road (north side),102.186721052471,15,2,1,1768342813,44.237125396728516,-76.56259155273438,5.829999923706055,270.79998779296875,418184.0
1768342820,21,3490101256,16,2192640:567862:568970,S00746,First Canada Avenue (east side of Division),792.8698966612897,32,2,1,1768342818,44.25656509399414,-76.49717712402344,15.270000457763672,353.5,1523094.0
1768342820,22,3490101923,4,2199573:564002:568242,S00278,University Avenue (north side of Princess),332.3706456408057,3,2,1,1768342798,44.232627868652344,-76.49284362792969,8.609999656677246,352.8999938964844,184141.0
1768342820,23,3490101826,501,2199378:566889:568336,S09030,Frontenac Mall (north side of Bath),3804.32505312562,12,2,1,1768342818,44.23325729370117,-76.59312438964844,8.329999923706055,352.5,408881.0
1768342820,24,3490101812,602,2182354:564370:568390,S09226,Grenadier Drive (east side of Highway 15),8.220385636868599,7,1,1,1768342817,44.25381851196289,-76.46051788330078,0.0,,240448.0
1768342820,25,3490101840,601,2182334:564112:568504,S00127,Highway 2 at Royal Military College (north side),274.0701326706853,11,2,1,1768342819,44.23760986328125,-76.46401977539062,13.880000114440918,241.10000610351562,375069.0
1768342820,26,3490101827,22,2192699:563521:568948,S00212,Briceland Street (east side of Montreal),262.5864493017092,9,2,1,1768342814,44.257442474365234,-76.48030853271484,16.65999984741211,267.0,2293599.0
1768342820,27,3490101821,12,2182322:563883:568442,S02070,St. Lawrence College Transfer Point,31.064366236055168,1,1,1,1768342810,44.22355270385742,-76.52610778808594,0.0,,1618132.0
1768342820,28,3490101803,502,2199493:567891:568951,S09033,Acadia Drive (west side of Bayridge),589.0486188036723,6,2,1,1768342818,44.237491607666016,-76.59356689453125,11.65999984741211,185.89999389648438,2380014.0
1768342820,29,3490101807,11,2181507:564543:568931,S02074,Gardiners Centre Transfer Point,172.28406242877574,25,2,1,1768342810,44.2371826171875,-76.56622314453125,7.769999980926514,274.6000061035156,3912832.0
1768342820,30,3490101811,,,,,,,2,,1768342804,44.26172637939453,-76.50686645507812,0.0,,5356098.0
1768342820,31,3490101838,13,2181744:566874:568902,S09322,,,12,1,1,1768342810,44.25859069824219,-76.54899597167969,1.659999966621399,1.0,1213851.0
1768342820,32,3490101686,701,2182036:566613:568898,S00349,Victoria Street (north side of Brock),9.391177325046055,4,1,1,1768342819,44.232791900634766,-76.50331115722656,0.27000001072883606,,790538.0
1768342820,33,3490102103,1,2181397:567441:568490,S00297,Johnson Street (west side of Bagot),134.25573134401662,35,2,1,1768342805,44.230831146240234,-76.48455810546875,8.880000114440918,197.0,3940693.0
1768342820,34,3490102102,,,,,,,2,,1768342796,44.26152038574219,-76.50737762451172,0.0,,8187962.0
1768342820,35,3490101818,802,2182146:566016:568894,S02040,Downtown Transfer Point Platform 6,8.500477169569386,1,1,1,1768342808,44.23125457763672,-76.48428344726562,0.0,,1621858.0
1768342820,36,3490102105,2,2181348:564973:568419,S09229,Kirkpatrick Street (east side of Division),117.41160717414903,36,2,1,1768342788,44.25273513793945,-76.49657440185547,11.109999656677246,353.6000061035156,1692359.0
1768342820,37,3490101817,502,2199535:564663:568260,S00400,Andersen Drive (north side of Princess),397.740262853264,8,2,1,1768342819,44.25834655761719,-76.54473876953125,12.770000457763672,267.6000061035156,3273187.0
1768342820,38,3490102104,1,2181388:565367:568432,S09100,Ellis Hall (west side of University),4.4913343944029425,12,1,1,1768342814,44.22622299194336,-76.49565887451172,0.0,,648763.0
1768342820,39,3490100012,,,,,,,2,,1768341115,44.250816345214844,-76.56455993652344,13.369999885559082,82.9000015258789,0.0
1768342820,40,3490101365,502,2199835:565988:568896,S09164,,,6,2,1,1768342811,44.24431610107422,-76.51841735839844,5.269999980926514,301.79998779296875,1341728.0
1768342820,41,3490100019,,,,,,,2,,1768341340,44.231075286865234,-76.48495483398438,0.0,,0.0
1768342820,42,3490100007,,,,,,,2,,1768342684,44.244964599609375,-76.4953842163086,13.779999732971191,354.29998779296875,0.0
1768342820,43,3490101482,6,2181459:563624:568572,S00607,740 Progress Avenue (north side),364.1605113340267,16,2,1,1768342817,44.24665069580078,-76.56961059570312,7.5,260.70001220703125,110600.0
1768342820,44,3490100011,,,,,,,2,,1768342340,44.22188949584961,-76.51815795898438,15.430000305175781,53.29999923706055,0.0
1768342820,45,3490101478,601,2182382:565622:568551,S02080,Innovation Drive at Highway 15 (north side),11.526957195501252,1,1,1,1768342789,44.272254943847656,-76.44621276855469,0.0,,153189.0
1768342820,46,3490101839,32,2181086:564921:568447,S00415,Livingston Avenue (south side of King),198.15040437019,6,2,1,1768342817,44.22125244140625,-76.51141357421875,15.0,86.69999694824219,10613820.0
1768342820,47,3490101816,2,2181349:564030:568414,S02070,St. Lawrence College Transfer Point,292.15874138686786,10,2,1,1768342815,44.22630310058594,-76.52574920654297,10.550000190734863,174.39999389648438,249046.0
1768342820,48,3490100033,,,,,,,2,,1768341067,44.22116470336914,-76.51957702636719,0.0,,0.0
1768342820,49,3490101361,502,2199492:567056:568520,S00413,Sir John A Macdonald Blvd. (south side of King),729.7436978665439,13,2,1,1768342818,44.220733642578125,-76.52117156982422,11.65999984741211,85.4000015258789,499826.0
1768342820,50,3490101480,701,2199609:563752:568992,S02028,Guy Street (west side of Division),13.987237811332049,6,1,1,1768342816,44.243614196777344,-76.4952163696289,0.0,,126883.0
1768342820,51,3490101805,6,2181480:566845:568960,S00739,Princess Street (north side) east of Bayridge,4.316312725783119,4,1,1,1768342819,44.259456634521484,-76.58103942871094,0.0,,1482758.0
1768342820,52,3490101813,702,2182082:568852:568892,S09211,324 Palace Road (west side),2.9840068051652953,15,1,1,1768342818,44.233951568603516,-76.51386260986328,0.0,,98015.0
1768342820,53,3490101502,702,2182227:563735:568923,S00234,Kingston Police (east side of Division),385.7319475120952,5,2,1,1768342819,44.246726989746094,-76.49563598632812,12.5,358.1000061035156,224707.0
1768342820,54,3490101477,701,2182033:564644:568925,S00617,Arlington Park Place (east side of Gardiners),0.8394859959523479,18,1,1,1768342817,44.2479133605957,-76.56795501708984,0.0,,372677.0
1768342820,55,3490101481,4,2199572:564290:568906,S00584,Centennial Drive (north side of Princess),263.58454471931725,17,2,1,1768342809,44.258277893066406,-76.55641174316406,9.720000267028809,278.1000061035156,599133.0
1768342820,56,3490100041,,,,,,,2,,1768342375,44.23148727416992,-76.4882583618164,0.0,,0.0
1768342820,57,3490101684,15,2181630:563531:568957,S00671,Sexton Lane (south side of Taylor-Kidd),154.60944374257085,60,2,1,1768342811,44.25149917602539,-76.59434509277344,6.380000114440918,155.89999389648438,316999.0
1768342820,58,3490101837,501,2199319:567210:568261,S00363,800 Princess Street (south side),740.3604009140053,8,2,1,1768342815,44.243038177490234,-76.51593780517578,5.0,117.0,326611.0
1768342820,59,3490100077,,,,,,,2,,1768341104,44.23104476928711,-76.48522186279297,0.0,,0.0
1768342820,60,3490100050,,,,,,,2,,1768341697,44.235687255859375,-76.48383331298828,12.140000343322754,179.39999389648438,0.0
1768342820,61,3490100058,,,,,,,2,,1768341816,44.2318229675293,-76.48452758789062,0.0,,0.0
1768342820,62,3490101255,,,,,,,2,,1768342769,,,,,
1768342820,63,3490100006,,,,,,,2,,1768341534,44.23136901855469,-76.4842758178711,0.0,,0.0
1768342820,64,3490101922,,,,,,,2,,1768342800,44.25498580932617,-76.5726089477539,0.0,,154347.0
1768342820,65,3490100073,,,,,,,2,,1768342791,44.272254943847656,-76.44621276855469,0.0,,0.0
1768342820,66,3490101683,501,2199379:564759:568954,S09040,Sir John A Macdonald Blvd (north side of King),8.249321383104075,4,1,1,1768342816,44.221092224121094,-76.51284790039062,2.5,185.8000030517578,17802.0
1768342820,67,3490101364,702,2182083:568711:569001,S09208,RioCan Centre (west side of Gardiners),113.28447505790506,3,2,1,1768342796,44.24534606933594,-76.56818389892578,0.0,,321383.0
1768342820,68,3490100068,,,,,,,2,,1768342538,44.253360748291016,-76.49673461914062,,,0.0
1768342820,69,3490101366,11,2181444:568763:568933,S09156,,,7,2,1,1768342819,44.24175262451172,-76.5679702758789,10.0,179.3000030517578,2744154.0
1768342820,70,3490101504,16,2192641:565597:568571,S09083,321 Yonge Street (east side),117.87665279926392,7,2,1,1768342815,44.22696304321289,-76.51940155029297,8.609999656677246,88.30000305175781,3367200.0
1768342820,71,3490100036,,,,,,,2,,1768342124,44.25517272949219,-76.58689880371094,0.0,,0.0
1768342820,72,3490100071,,,,,,,2,,1768342742,44.2462043762207,-76.56800842285156,10.34000015258789,356.79998779296875,0.0
1768342820,73,3490100030,,,,,,,2,,1768341671,44.25513458251953,-76.57244110107422,0.0,,0.0
1768342820,74,3490101479,2,2181319:564126:568518,S02001,Kirkpatrick Street (west side of Division),45.87850178382799,20,2,1,1768342813,44.25358200073242,-76.49681091308594,0.0,,941221.0
1768342820,75,3490101831,1,2181385:567551:568422,S00746,First Canada Avenue (east side of Division),393.5686478722421,36,2,1,1768342811,44.26166534423828,-76.49408721923828,10.0,263.20001220703125,620577.0
1768342820,76,3490100048,,,,,,,2,,1768341597,44.24077606201172,-76.57971954345703,0.0,,0.0
1768342820,77,3490102101,502,2199536:566952:568288,S02037,Downtown Transfer Point Platform 3,4.6155187648710765,1,1,1,1768342803,44.23105239868164,-76.4849624633789,0.0,,4464155.0
1768342820,78,3490100060,,,,,,,2,,1768342733,44.22014617919922,-76.53125,10.850000381469727,88.5999984741211,0.0
1768342820,79,3490101510,32,2181070:567769:568283,S00503,Kingston Centre Transfer Point Platform 6,1.4565285636184735,31,1,1,1768342810,44.24181365966797,-76.51680755615234,0.0,,3490612.0
1768342820,80,3490101362,4,2199421:565047:568910,S00044,Parkway (south side of Princess),480.1743019447352,8,2,1,1768342816,44.254024505615234,-76.5381088256836,16.65999984741211,136.6999969482422,2636015.0
1768342820,81,3490100064,,,,,,,2,,1768342099,44.26593780517578,-76.48909759521484,10.180000305175781,266.3999938964844,0.0
1768342820,82,3490101808,,,,,,,2,,1768342783,,,,,
1768342820,83,3490101920,15,2181604:563798:568365,S00698,Vista Drive (north side of Bath),131.76178980233078,58,2,1,1768342816,44.23738098144531,-76.5824966430664,16.940000534057617,262.8999938964844,182650.0
1768342820,84,3490101825,15,2181631:566938:568559,S00553,Truedell Road (north side of Development),9.084557100928205,30,1,1,1768342819,44.240814208984375,-76.57978820800781,0.0,,1369750.0
1768342820,85,3490100039,,,,,,,2,,1768341928,44.23810958862305,-76.48277282714844,0.5600000023841858,,0.0
1768342820,86,3490100055,,,,,,,2,,1768341529,44.229671478271484,-76.52603912353516,0.0,,0.0
1768342820,87,3490100028,,,,,,,2,,1768341362,44.231483459472656,-76.4843978881836,0.0,,0.0
1768342820,88,3490100020,,,,,,,2,,1768340700,44.26173782348633,-76.50640106201172,0.0,,0.0
1768342820,89,3490100069,,,,,,,2,,1768342165,44.240745544433594,-76.5145034790039,3.5399999618530273,84.30000305175781,0.0
1768342820,90,3490100047,,,,,,,2,,1768342298,44.23234176635742,-76.48555755615234,0.0,,0.0
1768342820,91,3490100072,,,,,,,2,,1768341315,44.24812316894531,-76.49602508544922,8.84000015258789,172.89999389648438,0.0
1768342820,92,3490101830,,,,,,,2,,1768342815,44.26125717163086,-76.50675964355469,0.0,,555238.0
1768342820,93,3490101368,15,2181605:566391:568487,S00676,Lynwood Drive (south side of Mona),147.89956066220182,31,2,1,1768342809,44.25385665893555,-76.60630798339844,8.329999923706055,163.60000610351562,55862.0
1768342820,94,3490100004,,,,,,,2,,1768341842,44.257904052734375,-76.48258209228516,0.0,,0.0
1768342820,95,3490101509,16,2192733:566393:568361,S02059,Van Order Drive at L.C.V.I. (east side),151.70203368919684,16,2,1,1768342811,44.23664093017578,-76.51900482177734,9.720000267028809,319.8999938964844,1552871.0
1768342820,96,3490101370,12,2182403:567818:568374,S00440,Willingdon Avenue (north side of Union),10.065184203992795,20,1,1,1768342810,44.225379943847656,-76.50694274902344,0.0,,225102.0
1768342820,97,3490100038,,,,,,,2,,1768342023,44.254981994628906,-76.57237243652344,0.0,,0.0
1768342820,98,3490100067,,,,,,,2,,1768342103,44.25809860229492,-76.5531005859375,8.789999961853027,90.19999694824219,0.0
1768342820,99,3490100034,,,,,,,2,,1768341686,44.228580474853516,-76.481201171875,0.0,,0.0
1768342820,100,3490100026,,,,,,,2,,1768341388,44.242008209228516,-76.5678482055664,0.0,,0.0
1768342820,101,3490100063,,,,,,,2,,1768341574,44.25617218017578,-76.57424926757812,6.119999885559082,184.5,0.0
1768342820,102,3490100037,,,,,,,2,,1768341589,44.265769958496094,-76.50335693359375,15.119999885559082,267.8999938964844,0.0
1768342820,103,3490101506,14,2181760:563243:568400,S09189,,,23,2,1,1768342819,44.2536735534668,-76.54959106445312,9.15999984741211,98.0,182246.0
1768342820,104,3490100044,,,,,,,2,,1768341885,44.275184631347656,-76.56546020507812,2.4100000858306885,175.3000030517578,0.0
1768342820,105,3490100027,,,,,,,2,,1768342772,44.23712921142578,-76.56194305419922,8.170000076293945,270.8999938964844,0.0
1768342820,106,3490100049,,,,,,,2,,1768342051,44.223716735839844,-76.51263427734375,1.2300000190734863,,0.0
1768342820,107,3490100040,,,,,,,2,,1768342608,44.228397369384766,-76.57592010498047,9.869999885559082,280.3999938964844,0.0
1768342820,108,3490100029,,,,,,,2,,1768341907,44.234619140625,-76.58529663085938,10.229999542236328,281.3999938964844,0.0
1768342820,109,3490100018,,,,,,,2,,1768341950,44.23291015625,-76.47901153564453,7.349999904632568,192.0,0.0
1768342820,110,3490101050,,,,,,,2,,1768342817,44.25958251953125,-76.49999237060547,11.109999656677246,85.19999694824219,964.0
1768342820,111,3490100051,,,,,,,2,,1768341936,44.27098083496094,-76.448974609375,14.5,38.29999923706055,0.0
1768342820,112,3490100023,,,,,,,2,,1768342628,44.24054718017578,-76.51771545410156,0.0,,0.0
1768342820,113,3490100070,,,,,,,2,,1768341882,44.2547607421875,-76.58727264404297,7.920000076293945,34.29999923706055,0.0
1768342820,114,3490100009,,,,,,,2,,1768342491,44.231056213378906,-76.48495483398438,0.0,,0.0
1768342820,115,3490100013,,,,,,,2,,1768342614,44.22689437866211,-76.48794555664062,0.0,,0.0
1768342820,116,3490100008,,,,,,,2,,1768342018,44.224544525146484,-76.49353790283203,9.460000038146973,78.5999984741211,0.0
1768342820,117,3490100052,,,,,,,2,,1768341193,44.2549934387207,-76.60659790039062,4.210000038146973,200.10000610351562,0.0
1768342820,118,3490100079,,,,,,,2,,1768342696,44.248802185058594,-76.5683364868164,0.0,,0.0
1768342820,119,3490100059,,,,,,,2,,1768341202,44.2213134765625,-76.51927185058594,1.7400000095367432,234.6999969482422,0.0
1768342820,120,3490100075,,,,,,,2,,1768341606,44.24072265625,-76.5166015625,11.520000457763672,263.5,0.0
1768342820,121,3490102108,,,,,,,2,,1768342766,,,,,
1768342820,122,3490100062,,,,,,,2,,1768341967,44.233341217041016,-76.47882843017578,3.2899999618530273,187.89999389648438,0.0
1768342820,123,3490100022,,,,,,,2,,1768342366,44.26308059692383,-76.44766998291016,11.829999923706055,217.39999389648438,0.0
1768342820,124,3490102502,,,,,,,2,,1768342554,44.26124572753906,-76.50753021240234,0.0,,0.0
1768342820,125,3490100081,,,,,,,2,,1768342268,44.26123809814453,-76.50752258300781,0.0,,0.0
1768342820,126,3490100043,,,,,,,2,,1768342505,44.2270393371582,-76.64672088623047,8.380000114440918,278.0,0.0
1768342820,127,3490102403,,,,,,,2,,1768342809,44.261348724365234,-76.50675964355469,0.0,,0.0
1768342820,128,3490100074,,,,,,,2,,1768341169,44.23074722290039,-76.5225830078125,0.7200000286102295,,0.0
1768342820,129,3490100017,,,,,,,2,,1768341087,44.26133728027344,-76.50679779052734,0.0,,0.0
1768342820,130,3490100042,,,,,,,2,,1768342023,44.23744201660156,-76.56755828857422,0.0,,0.0
1768342820,131,3490100054,,,,,,,2,,1768341055,44.25495529174805,-76.56880950927734,0.0,,0.0
1768342820,132,3490100003,,,,,,,2,,1768341074,44.24042510986328,-76.52008056640625,13.470000267028809,263.6000061035156,0.0
1768342820,133,3490100002,,,,,,,2,,1768342635,44.25498580932617,-76.5726089477539,0.0,,0.0
1768342820,134,3490101363,,,,,,,2,,1768342811,44.26122283935547,-76.50670623779297,0.0,,255.0
1768342850,0,3490101367,4,2199420:566261:568900,S02039,Downtown Transfer Point Platform 4,72.53954365751422,22,2,1,1768342844,44.23191452026367,-76.48493194580078,2.2200000286102295,104.5,4241250.0
1768342850,1,3490101951,12,2182393:567758:568524,S09096,Highway 15 (south side of Highway 2),678.9173889351541,20,2,1,1768342844,44.23706817626953,-76.46533966064453,10.0,60.400001525878906,299571.0
1768342850,2,3490101369,14,2181773:564211:568941,S02083,Cataraqui Centre Transfer Point Platform 6,7.059083404219986,1,1,1,1768342846,44.254940032958984,-76.5728988647461,0.0,,130949.0
1768342850,3,3490102106,19A,2181884:563973:568958,S09122,,,10,2,1,1768342833,44.26129913330078,-76.5897216796875,10.829999923706055,176.60000610351562,868585.0
1768342850,4,3490101254,7,2181863:568106:568502,S00746,First Canada Avenue (east side of Division),182.36242073229556,17,2,1,1768342839,44.262020111083984,-76.49819946289062,9.15999984741211,3.299999952316284,1080466.0
1768342850,5,3490102402,602,2182378:566256:568495,S02038,Downtown Transfer Point Platform 5,506.3258209598093,2,2,1,1768342847,44.227664947509766,-76.4873275756836,11.109999656677246,31.700000762939453,58366.0
1768342850,6,3490102401,,,,,,,2,,1768342844,44.26150131225586,-76.5071029663086,0.0,,0.0
1768342850,7,3490102107,,,,,,,2,,1768342799,44.261409759521484,-76.50651550292969,0.0,,268097.0
1768342850,8,3490101688,7,2181857:564384:568424,S00052,Bus Terminal Transfer Point Platform 3,12.130873432396648,20,1,1,1768342827,44.25883865356445,-76.50611877441406,0.8299999833106995,,2205497.0
1768342850,9,3490100014,,,,,,,2,,1768342738,44.26140213012695,-76.50652313232422,0.0,,0.0
1768342850,10,3490101687,10,2181662:568003:568355,S09088,Speers Boulevard (north side of Kildare),458.74819221686863,33,2,1,1768342842,44.22218322753906,-76.65584564208984,11.109999656677246,245.39999389648438,4890540.0
1768342850,11,3490100016,,,,,,,2,,1768341303,44.26152038574219,-76.5071029663086,0.0,,0.0
1768342850,12,3490100056,,,,,,,2,,1768342041,44.26652526855469,-76.5846176147461,9.670000076293945,90.0,0.0
1768342850,13,3490101046,501,2199377:566555:568929,S02077,Cataraqui Centre Transfer Point Platform 1,823.7247729929255,16,2,1,1768342844,44.259212493896484,-76.58073425292969,8.229999542236328,102.19999694824219,0.0
1768342850,14,3490101257,31,2181060:566520:568328,S00367,Leroy Grant Drive (south side of Concession),82.66368627213278,15,2,1,1768342841,44.241207122802734,-76.50799560546875,7.21999979019165,89.0999984741211,608245.0
1768342850,15,3490100078,,,,,,,2,,1768341440,44.25556945800781,-76.54017639160156,13.369999885559082,133.10000610351562,0.0
1768342850,16,3490100005,,,,,,,2,,1768342305,44.25814437866211,-76.57390594482422,0.0,,0.0
1768342850,17,3490101359,,,,,,,2,,1768342841,44.256080627441406,-76.50373840332031,2.7699999809265137,269.5,219370.0
1768342850,18,3490101901,801,2182174:566734:568994,S09237,Sheppard Street (west side of Montreal),638.2149023952937,2,2,1,1768342847,44.27793502807617,-76.47348022460938,13.0600004196167,197.10000610351562,0.0
1768342850,19,3490101360,2,2181318:564953:568381,S00055,Mowat Avenue (north side of Union),1.1217799334518892,45,1,1,1768342846,44.221099853515625,-76.51978302001953,0.0,,0.0
1768342850,20,3490101258,701,2182034:564199:568895,S09157,,,16,2,1,1768342841,44.23728561401367,-76.56678009033203,10.550000190734863,273.8999938964844,418517.0
1768342850,21,3490101256,16,2192640:567862:568970,S00746,First Canada Avenue (east side of Division),492.25337428646446,32,2,1,1768342837,44.25925064086914,-76.49761962890625,12.770000457763672,349.8999938964844,1523397.0
1768342850,22,3490101923,4,2199573:564002:568242,S00278,University Avenue (north side of Princess),332.3706456408057,3,2,1,1768342798,44.232627868652344,-76.49284362792969,8.609999656677246,352.8999938964844,184141.0
1768342850,23,3490101826,501,2199378:566889:568336,S09030,Frontenac Mall (north side of Bath),3797.3413901485596,12,2,1,1768342849,44.23699188232422,-76.59346771240234,13.050000190734863,358.70001220703125,409299.0
1768342850,24,3490101812,602,2182354:564370:568390,S09205,Rideau Town Centre (south side of Gore),530.6442168895661,8,2,1,1768342845,44.25586700439453,-76.46045684814453,13.050000190734863,359.8999938964844,240684.0
1768342850,25,3490101840,601,2182334:564112:568504,S00127,Highway 2 at Royal Military College (north side),80.86241435346848,11,2,1,1768342842,44.23679733276367,-76.4661636352539,10.0,241.1999969482422,375265.0
1768342850,26,3490101827,22,2192699:563521:568948,S00212,Briceland Street (east side of Montreal),262.0555110803717,9,2,1,1768342839,44.25734329223633,-76.48267364501953,1.659999966621399,282.8999938964844,2293791.0
1768342850,27,3490101821,12,2182322:563883:568442,S02070,St. Lawrence College Transfer Point,31.55335382399324,1,1,1,1768342841,44.22355270385742,-76.5261001586914,0.0,,1618132.0
1768342850,28,3490101803,502,2199493:567891:568951,S09033,Acadia Drive (west side of Bayridge),218.18796962339715,6,2,1,1768342844,44.234161376953125,-76.59329986572266,14.4399995803833,175.39999389648438,2380366.0
1768342850,29,3490101807,11,2181507:564543:568931,S02074,Gardiners Centre Transfer Point,172.28406242877574,25,2,1,1768342810,44.2371826171875,-76.56622314453125,7.769999980926514,274.6000061035156,3912832.0
1768342850,30,3490101811,,,,,,,2,,1768342804,44.26172637939453,-76.50686645507812,0.0,,5356098.0
1768342850,31,3490101838,13,2181744:566874:568902,S09323,,,13,2,1,1768342841,44.261226654052734,-76.54888153076172,5.829999923706055,14.100000381469727,1214148.0
1768342850,32,3490101686,701,2182036:566613:568898,S00345,Regent Street (north side of Brock),204.03068851746602,5,2,1,1768342846,44.2326545715332,-76.50601959228516,11.380000114440918,266.20001220703125,790764.0
1768342850,33,3490102103,1,2181397:567441:568490,S00297,Johnson Street (west side of Bagot),8.624357977689796,35,1,1,1768342847,44.229854583740234,-76.48539733886719,0.27000001072883606,,3940827.0
1768342850,34,3490102102,,,,,,,2,,1768342796,44.26152038574219,-76.50737762451172,0.0,,8187962.0
1768342850,35,3490101818,802,2182146:566016:568894,S02040,Downtown Transfer Point Platform 6,6.715276069586679,1,1,1,1768342838,44.231239318847656,-76.4842758178711,0.0,,1621858.0
1768342850,36,3490102105,2,2181348:564973:568419,S00216,Derby Gate Crescent (north side of Elliott),119.47735851589724,37,2,1,1768342843,44.256046295166016,-76.4971694946289,9.720000267028809,352.20001220703125,1692722.0
1768342850,37,3490101817,502,2199535:564663:568260,S00400,Andersen Drive (north side of Princess),171.5459581857813,8,2,1,1768342841,44.25826644897461,-76.54757690429688,11.109999656677246,268.20001220703125,3273417.0
1768342850,38,3490102104,1,2181388:565367:568432,S00426,Kingston General Hospital (south side of Stuart),115.6545705485435,13,2,1,1768342840,44.225093841552734,-76.49563598632812,10.270000457763672,182.1999969482422,648899.0
1768342850,39,3490100012,,,,,,,2,,1768341115,44.250816345214844,-76.56455993652344,13.369999885559082,82.9000015258789,0.0
1768342850,40,3490101365,502,2199835:565988:568896,S09164,,,6,2,1,1768342811,44.24431610107422,-76.51841735839844,5.269999980926514,301.79998779296875,1341728.0
1768342850,41,3490100019,,,,,,,2,,1768341340,44.231075286865234,-76.48495483398438,0.0,,0.0
1768342850,42,3490100007,,,,,,,2,,1768342684,44.244964599609375,-76.4953842163086,13.779999732971191,354.29998779296875,0.0
1768342850,43,3490101482,6,2181459:563624:568572,S00039,Taylor-Kidd Boulevard (east side of Progress),299.39790839135975,17,2,1,1768342848,44.24720001220703,-76.57439422607422,14.4399995803833,282.3999938964844,111000.0
1768342850,44,3490100011,,,,,,,2,,1768342340,44.22188949584961,-76.51815795898438,15.430000305175781,53.29999923706055,0.0
1768342850,45,3490101478,601,2182382:565622:568551,S02080,Innovation Drive at Highway 15 (north side),11.526957195501252,1,1,1,1768342820,44.272254943847656,-76.44621276855469,0.0,,153189.0
1768342850,46,3490101839,32,2181086:564921:568447,S00417,The Isabel/Tett Centres (south side of King),148.29303880619761,7,2,1,1768342848,44.22146224975586,-76.50856018066406,7.5,80.5999984741211,10614048.0
1768342850,47,3490101816,2,2181349:564030:568414,S02070,St. Lawrence College Transfer Point,80.55930185335782,10,0,1,1768342845,44.22443771362305,-76.52655792236328,8.609999656677246,174.10000610351562,249299.0
1768342850,48,3490100033,,,,,,,2,,1768341067,44.22116470336914,-76.51957702636719,0.0,,0.0
1768342850,49,3490101361,502,2199492:567056:568520,S00413,Sir John A Macdonald Blvd. (south side of King),539.7600716807723,13,2,1,1768342836,44.220829010009766,-76.51879119873047,9.4399995803833,85.80000305175781,500019.0
1768342850,50,3490101480,701,2199609:563752:568992,S00283,York Street (west side of Division),508.3421131073002,7,2,1,1768342840,44.24243927001953,-76.49508666992188,5.829999923706055,175.89999389648438,127014.0
1768342850,51,3490101805,6,2181480:566845:568960,S00090,Old Colony Road (west side of Bayridge),580.9371893756656,5,2,1,1768342841,44.25960159301758,-76.58258056640625,9.4399995803833,283.5,1482889.0
1768342850,52,3490101813,702,2182082:568852:568892,S00346,Willingdon Avenue (south side of Johnson),510.48882513394665,16,2,1,1768342837,44.23278045654297,-76.51375579833984,7.5,175.89999389648438,98144.0
1768342850,53,3490101502,702,2182227:563735:568923,S00234,Kingston Police (east side of Division),201.11195984235934,5,2,1,1768342845,44.248374938964844,-76.49594116210938,12.220000267028809,357.8999938964844,224893.0
1768342850,54,3490101477,701,2182033:564644:568925,S00617,Arlington Park Place (east side of Gardiners),3.88084000701048,18,1,1,1768342829,44.24794387817383,-76.56798553466797,1.3799999952316284,,372683.0
1768342850,55,3490101481,4,2199572:564290:568906,S00584,Centennial Drive (north side of Princess),166.94564422713626,17,2,1,1768342821,44.25830078125,-76.55762481689453,4.159999847412109,273.70001220703125,599233.0
1768342850,56,3490100041,,,,,,,2,,1768342375,44.23148727416992,-76.4882583618164,0.0,,0.0
1768342850,57,3490101684,15,2181630:563531:568957,S02003,Bayridge Centre (east side of Bayridge),132.20716054320798,61,2,1,1768342835,44.25070571899414,-76.59098815917969,13.609999656677246,107.0999984741211,317294.0
1768342850,58,3490101837,501,2199319:567210:568261,S00363,800 Princess Street (south side),410.09210159611547,8,2,1,1768342848,44.24144744873047,-76.51243591308594,5.269999980926514,121.4000015258789,326941.0
1768342850,59,3490100077,,,,,,,2,,1768341104,44.23104476928711,-76.48522186279297,0.0,,0.0
1768342850,60,3490100050,,,,,,,2,,1768341697,44.235687255859375,-76.48383331298828,12.140000343322754,179.39999389648438,0.0
1768342850,61,3490100058,,,,,,,2,,1768341816,44.2318229675293,-76.48452758789062,0.0,,0.0
1768342850,62,3490101255,,,,,,,2,,1768342829,,,,,
1768342850,63,3490100006,,,,,,,2,,1768341534,44.23136901855469,-76.4842758178711,0.0,,0.0
1768342850,64,3490101922,,,,,,,2,,1768342800,44.25498580932617,-76.5726089477539,0.0,,154347.0
1768342850,65,3490100073,,,,,,,2,,1768342791,44.272254943847656,-76.44621276855469,0.0,,0.0
1768342850,66,3490101683,501,2199379:564759:568954,S09038,Portsmouth Avenue (north side of King),718.3261879569119,5,2,1,1768342849,44.220787048339844,-76.51697540283203,6.659999847412109,263.79998779296875,18125.0
1768342850,67,3490101364,702,2182083:568711:569001,S09208,RioCan Centre (west side of Gardiners),5.504183770098148,3,1,1,1768342825,44.2443733215332,-76.56804656982422,0.550000011920929,,321488.0
1768342850,68,3490100068,,,,,,,2,,1768342538,44.253360748291016,-76.49673461914062,,,0.0
1768342850,69,3490101366,11,2181444:568763:568933,S02075,Gardiners Centre Transfer Point,254.91854720565055,8,2,1,1768342849,44.23809051513672,-76.56767272949219,8.880000114440918,174.5,2744555.0
1768342850,70,3490101504,16,2192641:565597:568571,S09083,321 Yonge Street (east side),3.7882250265970208,7,1,1,1768342846,44.22750473022461,-76.51814270019531,0.27000001072883606,,3367342.0
1768342850,71,3490100036,,,,,,,2,,1768342124,44.25517272949219,-76.58689880371094,0.0,,0.0
1768342850,72,3490100071,,,,,,,2,,1768342742,44.2462043762207,-76.56800842285156,10.34000015258789,356.79998779296875,0.0
1768342850,73,3490100030,,,,,,,2,,1768341671,44.25513458251953,-76.57244110107422,0.0,,0.0
1768342850,74,3490101479,2,2181319:564126:568518,S00235,Barbara Avenue (west side of Division),228.2108185199283,21,2,1,1768342844,44.251991271972656,-76.49659729003906,14.4399995803833,174.10000610351562,941392.0
1768342850,75,3490101831,1,2181385:567551:568422,S00746,First Canada Avenue (east side of Division),205.61081428710153,36,2,1,1768342849,44.262168884277344,-76.49664306640625,7.5,351.70001220703125,620839.0
1768342850,76,3490100048,,,,,,,2,,1768341597,44.24077606201172,-76.57971954345703,0.0,,0.0
1768342850,77,3490102101,502,2199536:566952:568288,S02037,Downtown Transfer Point Platform 3,4.6155187648710765,1,1,1,1768342827,44.23105239868164,-76.4849624633789,0.0,,4464155.0
1768342850,78,3490100060,,,,,,,2,,1768342733,44.22014617919922,-76.53125,10.850000381469727,88.5999984741211,0.0
1768342850,79,3490101510,32,2181070:567769:568283,S00503,Kingston Centre Transfer Point Platform 6,1.4565285636184735,31,1,1,1768342841,44.24181365966797,-76.51680755615234,0.0,,3490612.0
1768342850,80,3490101362,4,2199421:565047:568910,S00044,Parkway (south side of Princess),55.8280504297367,8,2,1,1768342844,44.251644134521484,-76.53394317626953,16.110000610351562,124.5999984741211,2636459.0
1768342850,81,3490100064,,,,,,,2,,1768342099,44.26593780517578,-76.48909759521484,10.180000305175781,266.3999938964844,0.0
1768342850,82,3490101808,,,,,,,2,,1768342843,,,,,
1768342850,83,3490101920,15,2181604:563798:568365,S00031,Stoneridge Drive (north side of Coverdale),300.45925358365196,59,2,1,1768342845,44.23769760131836,-76.58841705322266,14.720000267028809,280.3999938964844,183121.0
1768342850,84,3490101825,15,2181631:566938:568559,S00628,Hudson Drive (north side of Development),206.71714899785349,31,2,1,1768342848,44.2406005859375,-76.5822525024414,11.109999656677246,261.3999938964844,1369954.0
1768342850,85,3490100039,,,,,,,2,,1768341928,44.23810958862305,-76.48277282714844,0.5600000023841858,,0.0
1768342850,86,3490100055,,,,,,,2,,1768341529,44.229671478271484,-76.52603912353516,0.0,,0.0
1768342850,87,3490100028,,,,,,,2,,1768341362,44.231483459472656,-76.4843978881836,0.0,,0.0
1768342850,88,3490100020,,,,,,,2,,1768340700,44.26173782348633,-76.50640106201172,0.0,,0.0
1768342850,89,3490100069,,,,,,,2,,1768342165,44.240745544433594,-76.5145034790039,3.5399999618530273,84.30000305175781,0.0
1768342850,90,3490100047,,,,,,,2,,1768342298,44.23234176635742,-76.48555755615234,0.0,,0.0
1768342850,91,3490100072,,,,,,,2,,1768341315,44.24812316894531,-76.49602508544922,8.84000015258789,172.89999389648438,0.0
1768342850,92,3490101830,,,,,,,2,,1768342815,44.26125717163086,-76.50675964355469,0.0,,555238.0
1768342850,93,3490101368,15,2181605:566391:568487,S00540,Woodside Drive (west side of Mona),85.98606125067353,32,2,1,1768342843,44.25339889526367,-76.60301971435547,10.0,92.0999984741211,56156.0
1768342850,94,3490100004,,,,,,,2,,1768341842,44.257904052734375,-76.48258209228516,0.0,,0.0
1768342850,95,3490101509,16,2192733:566393:568361,S00476,Casterton Avenue (west side of Norman Rogers),228.26608665923212,17,2,1,1768342849,44.237918853759766,-76.52045440673828,7.769999980926514,317.70001220703125,1553062.0
1768342850,96,3490101370,12,2182403:567818:568374,S00441,Pembroke Street (north side of Union),20.018587248489514,21,0,1,1768342848,44.22446823120117,-76.50988006591797,8.329999923706055,251.60000610351562,225359.0
1768342850,97,3490100038,,,,,,,2,,1768342023,44.254981994628906,-76.57237243652344,0.0,,0.0
1768342850,98,3490100067,,,,,,,2,,1768342103,44.25809860229492,-76.5531005859375,8.789999961853027,90.19999694824219,0.0
1768342850,99,3490100034,,,,,,,2,,1768341686,44.228580474853516,-76.481201171875,0.0,,0.0
1768342850,100,3490100026,,,,,,,2,,1768341388,44.242008209228516,-76.5678482055664,0.0,,0.0
1768342850,101,3490100063,,,,,,,2,,1768341574,44.25617218017578,-76.57424926757812,6.119999885559082,184.5,0.0
1768342850,102,3490100037,,,,,,,2,,1768341589,44.265769958496094,-76.50335693359375,15.119999885559082,267.8999938964844,0.0
1768342850,103,3490101506,14,2181760:563243:568400,S09189,,,23,0,1,1768342849,44.252037048339844,-76.54732513427734,7.21999979019165,142.10000610351562,182507.0
1768342850,104,3490100044,,,,,,,2,,1768341885,44.275184631347656,-76.56546020507812,2.4100000858306885,175.3000030517578,0.0
1768342850,105,3490100027,,,,,,,2,,1768342772,44.23712921142578,-76.56194305419922,8.170000076293945,270.8999938964844,0.0
1768342850,106,3490100049,,,,,,,2,,1768342051,44.223716735839844,-76.51263427734375,1.2300000190734863,,0.0
1768342850,107,3490100040,,,,,,,2,,1768342608,44.228397369384766,-76.57592010498047,9.869999885559082,280.3999938964844,0.0
1768342850,108,3490100029,,,,,,,2,,1768341907,44.234619140625,-76.58529663085938,10.229999542236328,281.3999938964844,0.0
1768342850,109,3490100018,,,,,,,2,,1768341950,44.23291015625,-76.47901153564453,7.349999904632568,192.0,0.0
1768342850,110,3490101050,,,,,,,2,,1768342841,44.2596549987793,-76.498779296875,0.0,,1061.0
1768342850,111,3490100051,,,,,,,2,,1768341936,44.27098083496094,-76.448974609375,14.5,38.29999923706055,0.0
1768342850,112,3490100023,,,,,,,2,,1768342628,44.24054718017578,-76.51771545410156,0.0,,0.0
1768342850,113,3490100070,,,,,,,2,,1768341882,44.2547607421875,-76.58727264404297,7.920000076293945,34.29999923706055,0.0
1768342850,114,3490100009,,,,,,,2,,1768342491,44.231056213378906,-76.48495483398438,0.0,,0.0
1768342850,115,3490100013,,,,,,,2,,1768342614,44.22689437866211,-76.48794555664062,0.0,,0.0
1768342850,116,3490100008,,,,,,,2,,1768342018,44.224544525146484,-76.49353790283203,9.460000038146973,78.5999984741211,0.0
1768342850,117,3490100052,,,,,,,2,,1768341193,44.2549934387207,-76.60659790039062,4.210000038146973,200.10000610351562,0.0
1768342850,118,3490100079,,,,,,,2,,1768342696,44.248802185058594,-76.5683364868164,0.0,,0.0
1768342850,119,3490100059,,,,,,,2,,1768341202,44.2213134765625,-76.51927185058594,1.7400000095367432,234.6999969482422,0.0
1768342850,120,3490100075,,,,,,,2,,1768341606,44.24072265625,-76.5166015625,11.520000457763672,263.5,0.0
1768342850,121,3490102108,,,,,,,2,,1768342826,,,,,
1768342850,122,3490100062,,,,,,,2,,1768341967,44.233341217041016,-76.47882843017578,3.2899999618530273,187.89999389648438,0.0
1768342850,123,3490100022,,,,,,,2,,1768342366,44.26308059692383,-76.44766998291016,11.829999923706055,217.39999389648438,0.0
1768342850,124,3490102502,,,,,,,2,,1768342554,44.26124572753906,-76.50753021240234,0.0,,0.0
1768342850,125,3490100081,,,,,,,2,,1768342268,44.26123809814453,-76.50752258300781,0.0,,0.0
1768342850,126,3490100043,,,,,,,2,,1768342505,44.2270393371582,-76.64672088623047,8.380000114440918,278.0,0.0
1768342850,127,3490102403,,,,,,,2,,1768342809,44.261348724365234,-76.50675964355469,0.0,,0.0
1768342850,128,3490100074,,,,,,,2,,1768341169,44.23074722290039,-76.5225830078125,0.7200000286102295,,0.0
1768342850,129,3490100017,,,,,,,2,,1768341087,44.26133728027344,-76.50679779052734,0.0,,0.0
1768342850,130,3490100042,,,,,,,2,,1768342023,44.23744201660156,-76.56755828857422,0.0,,0.0
1768342850,131,3490100054,,,,,,,2,,1768341055,44.25495529174805,-76.56880950927734,0.0,,0.0
1768342850,132,3490100003,,,,,,,2,,1768341074,44.24042510986328,-76.52008056640625,13.470000267028809,263.6000061035156,0.0
1768342850,133,3490100002,,,,,,,2,,1768342635,44.25498580932617,-76.5726089477539,0.0,,0.0
1768342850,134,3490101363,,,,,,,2,,1768342811,44.26122283935547,-76.50670623779297,0.0,,255.0
